1000574335,ytfya
1001689674,wuwug
1002403444,xxdoa
1005058964,odcxs
1005683930,xniob
1005749918,gcrmp
1005959957,crnnl
1006075770,vqsmk
1008639724,isfhx
1009680463,hkhat
1009921869,hvqau
1010104864,yeavb
1011428414,orgwu
1012576763,fqyta
1012723150,rpawn
1013925852,wpwqz
1014559765,qfjnm
1017039812,iebnl
1019047421,lmymo
1021865320,qzgso
1026097927,wsdnl
1026343587,sfsxj
1031059883,dbcei
1031535240,mnxzn
1037163062,ngwic
1039857506,cublv
1040506178,avwnh
1045096244,wrbvv
1045923108,boxfl
1046059478,rhakl
1047337556,prrri
1048484802,lpkrb
1049800194,pkqha
1057937241,sdzqe
1057994804,gwqiy
1058939542,magey
1059220448,rsmqi
1059452858,mzacx
1060694601,swjhm
1061913886,ximhb
1062218624,gsgae
1066404396,wusfc
1070992260,wfplc
1071431124,bamyc
1072052996,zgxxn
1072464614,ydttn
1072849696,sfbkq
1076101129,ldxuq
1078070114,vrlmp
1083663693,qtxqf
1086650878,bqjwv
1094216846,knnxh
1094316595,tbsps
1095987208,dkian
1096346794,xqari
1096958554,pzudl
1099518764,mspvo
1102325077,fozmj
1102450369,avvsq
1107799513,hwhva
1111005347,goqiz
1111967658,zhyun
1119384915,nkaew
1120214427,qunlh
1121641684,saory
1122395047,bgwek
1125307552,yenir
1128459865,kunuz
1129764767,pyoxc
1129854207,eiawf
1131745219,rkcrq
1131813096,mrscn
1132619440,ttuku
1133751098,ragpa
1135320697,kblle
1138112228,sncga
1140496663,wcpox
1141291509,ropwk
1142303065,fvpul
1143043403,amprc
1143309845,nqbkb
1143808223,qeqgc
1145740867,epezq
1145868843,iuzgj
1149491727,izimy
1151485623,rzfal
1151730576,stzgs
1153270045,vwrxv
1153879480,nukur
1153916859,ygurr
1155341674,cuxpo
1156167272,vamvs
1157479131,epnwh
1158215529,iomjm
1159082949,vdeqn
1159217711,qyvls
1161648877,vjadj
1161831423,mqbxz
1162696631,zzrpz
1162965257,cjizs
1163792890,fdilp
1164384010,xbyxj
1165261008,ywvdv
1166589411,cvvdg
1169085130,vxjbu
1171139368,btqko
1171829713,vvmqv
1172698044,dypcl
1178112810,ankum
1179112409,ftubk
1179588001,kadah
1179926750,hykgq
1182827235,ucxth
1184926550,cleno
1186457044,hofau
1187025466,pbrdq
1188747585,ibqpe
1188872932,ymnfu
1190322714,sowhl
1191250404,ufbuk
1193787495,mqhxl
1199295907,bawdd
1199531463,ljtti
1199637451,aziny
1200305756,prrlr
1201564911,qdvmo
1204361276,gbcje
1204385967,uvocu
1206587681,pojzd
1207915350,vcdlm
1208189333,wtwdm
1208232714,qwxon
1209772219,yyfox
1210248544,gancx
1210318235,cngyu
1215132589,lfkfl
1217669571,qdpzi
1218628852,lvlgo
1220474999,nykww
1221083778,cmxvm
1223235255,nlrmt
1223729233,ilxrm
1228153117,vpyiq
1231810862,wwsmt
1232119714,biqvh
1233186981,mczni
1233742814,pxpoo
1233818952,vhqbh
1234675968,ofnbj
1235114133,ocryt
1235183601,ukddf
1237188982,trrwk
1238836930,rdgzh
1238848482,vajyh
1239939871,hfmbr
1241251839,aqink
1241467899,dsgiu
1244015206,myrwd
1244886538,ywkqj
1246001267,voqdv
1248797758,scnpj
1250754527,fpqpq
1251844682,yyxrn
1254077818,ubrmk
1256818923,imfbv
1257566521,sdhyn
1257671985,etroj
1261486098,aizcs
1265026707,vesze
1268651600,sxjlx
1270509608,tqgie
1275238755,inxxv
1275364327,lxzds
1279045007,rdgim
1280283532,cdvsg
1280561109,phyal
1281811942,oqumq
1285664681,wcrrk
1290138822,knegi
1292227536,rsnzy
1295225531,empkc
1295343002,xfbkj
1295479646,jhqla
1295572649,zlxtg
1298990639,khwzo
1300344144,mewpr
1303143269,todfn
1308836763,eurap
1311738820,tusbn
1313041522,bjywi
1313220807,qyihc
1318195927,wjivh
1318607736,bgtdh
1319848224,bbuhi
1322482386,biybd
1323845886,dnfqp
1323887057,nwimt
1326169342,qvqwj
1327131065,rdpwe
1331845919,vllkh
1333200276,otpcq
1337342297,dnnda
1338488372,ysngg
1340482134,zlvbj
1341496504,pbhly
1341614082,luwhg
1345151651,hpnlf
1345472092,wdwrk
1345517407,yhxtr
1345782126,wdrnr
1348276599,aoidx
1349120504,ipoqv
1352172885,lhhhg
1353225100,zdtap
1353404585,rhbtw
1354326745,aqjxi
1358660911,wjvau
1359319357,bueuo
1359341374,hhnjt
1364801611,ndaiq
1365219719,snkwx
1367736201,fgcbn
1370039251,hamld
1371744260,diogn
1373417079,iqygu
1373541706,supkr
1376504368,lmkjx
1379295455,vplib
1380422828,hzcdc
1380778747,posys
1381532906,yzfho
1388714634,opssj
1391512946,klrjh
1392374223,mprya
1393533362,lhffn
1397655937,aabem
1399077395,zgcmy
1404465749,umxft
1404953400,gtmky
1406058846,unmiw
1406076861,rcwfl
1410690753,lyeca
1414102846,spetv
1414486287,xzxwr
1414697969,yixtb
1420912803,mfnvd
1421340507,ojgct
1425943518,jejij
1426551800,leqzq
1428681833,ijssv
1439279177,mkzzz
1440096281,hhgao
1440340324,klxpb
1440784577,awhon
1443490506,fhxxx
1444987253,hpplp
1445788886,qgxwh
1446031694,ztulg
1448314418,sjwhn
1449107403,iltyd
1450175406,ikzrr
1452458155,gkvpy
1458483418,lhayv
1464368428,xpqxe
1465208283,rtrio
1466032938,sdouj
1466966694,fcwgu
1468850459,qmwkp
1470279446,qqmcy
1471421702,wojnm
1472165570,gpqmz
1472648858,otgyh
1475136796,csiva
1479508778,nevmo
1479856870,zjdbi
1482226950,cefwj
1482765963,oztvk
1484530148,rjzpe
1486470133,cqtee
1487636540,qtwur
1490167048,euknz
1491524749,uzteo
1492076170,kxujl
1494007126,mlkve
1495586077,eemvn
1499409280,ybmbq
1503544909,dhypa
1504184600,dhtrz
1504191846,bhgxk
1505078400,vtpqk
1507000239,zgzjm
1509548515,uprpk
1512616722,rcfxw
1513408959,edegn
1513896109,upxov
1513985478,nftjt
1514663748,wexqf
1516311965,eqriu
1518710496,ybelg
1519263528,jxhhn
1520523785,fmeci
1520549643,gobak
1520598957,ayqgc
1521117138,jzaoc
1521270019,bezvv
1527266445,oixmd
1528354200,ibpcc
1529425770,faqbo
1531900338,yktvr
1533567001,hgymk
1534045429,nhkfx
1536693569,cuptp
1538240669,bjftd
1539912351,orjtl
1540864400,lfefn
1543083165,kfrpf
1543733750,dgdot
1546720508,gehjm
1548183159,uiyqf
1548201247,wrvjg
1549846572,nwcox
1551335061,yxhgp
1552797363,yojxb
1553267245,naoih
1553797388,nnkrl
1554192009,cvlfa
1559268017,yzsvd
1564210504,rxpmp
1568009604,cfbmr
1568558101,ugdic
1568634807,cacip
1570044767,zkkdp
1573371286,waspm
1573665324,mgzkl
1574590841,clnho
1575367248,burib
1581424445,heqpy
1581576448,wlycv
1581775949,xjljh
1582097688,bgwqr
1583190249,fnmdz
1583715151,tusdr
1585807601,vxwwr
1586224103,hsjtx
1588517473,kqkms
1590865681,eqwha
1590960062,laojs
1593513565,lukrb
1593762033,nhwkw
1594395152,qmehv
1598218754,uasdn
1599652783,beyht
1600568032,jbefl
1602234546,crhho
1605611197,moboq
1608972199,grhsb
1609066965,jimzi
1609690145,gjotb
1609907332,pnqkb
1610110996,jmabs
1610337000,fbwix
1610810581,hzggs
1611718120,ozdwi
1612701109,octlf
1614342697,qyyvm
1617177071,corjy
1619103632,eoxof
1620824444,qldif
1622501681,bmyqa
1626463496,jjlul
1629615249,hutms
1630165393,fphjg
1630520159,fhqpb
1630959309,yxrgf
1633353463,ugxpt
1633882866,xbthi
1637282360,hhjaa
1639414300,nbbnp
1639788508,bfjgn
1640077812,jktpj
1640331758,gspkv
1641478726,qtwaa
1641913218,obpgz
1642611516,dnapr
1642801108,cpefr
1643791036,gynfv
1647914041,mkgzt
1648513162,xdgcy
1651477170,uazfq
1652512672,hkcwr
1652939318,kmtct
1656680951,gjlrr
1659716132,ffnvf
1663725640,hacba
1666384471,fjuew
1667716852,luhyw
1677157551,mpeqz
1677983801,zlrek
1678258074,uupjj
1679151873,ywurl
1679596908,koqxo
1681357256,dgnss
1683196019,njsps
1684974146,vwayo
1685644597,eppai
1690087320,viqzo
1692168034,tddkk
1693412304,nnvzu
1694769737,eemfw
1697822115,wprbp
1697968230,jfyfw
1700867692,ccmug
1700918922,evedl
1702047281,rlvjp
1702849196,rowck
1703315194,pwawz
1704492758,lhtea
1708127516,invfg
1711827155,nwrft
1714921113,edgie
1715640881,ylvhe
1716171964,nglah
1716522066,ibkbc
1718967112,acfvr
1721707648,cnufx
1721860716,hldbr
1731065370,cxpjt
1732956836,ncqxb
1735418128,mgfqo
1736514106,yiboj
1740855794,zmzky
1742724916,mhkhg
1743007503,aogio
1746858976,qyfil
1748330333,xwgcz
1754949548,qbcpr
1757243613,vmpaw
1757272835,rjzmz
1758613678,rbvns
1758968336,cjpfy
1759126327,omkbw
1764842437,udagp
1766082111,vjaff
1769235748,bvjgy
1771937531,napnr
1774855277,xijsn
1775894964,syzps
1776182581,fbqgt
1780758320,qugmz
1781088286,jdwko
1783314676,gopyg
1784549272,cvvrp
1785293126,gqeuf
1785417763,dkzrm
1787447486,qyirm
1787509183,undij
1791635714,jewqo
1791661492,tydik
1792049633,hjvfi
1794179247,utfmq
1795294209,swmti
1797129740,cizyt
1802624807,ssudf
1803512175,rbwvx
1805784921,xmpjy
1806178773,jagkm
1807851839,wbrky
1810495638,wcaee
1811081163,vlbaj
1813110134,gkgul
1815239718,vtlue
1824125245,shwaj
1829673822,pbhzs
1830008648,mcnpo
1831906925,lykwi
1832028739,eulav
1834699032,inzlq
1836409371,bmhau
1838286229,qwiwj
1841315433,yxaag
1842976261,adrxm
1843245373,mgtrc
1851390085,gauxt
1855470449,lzile
1856289809,sgxtv
1856758914,bbqdd
1857405426,znumn
1857874821,xgbot
1861662409,dpqjx
1861876385,iqayi
1862540981,mpuqs
1865000832,plxtv
1868196307,lfhjt
1868308859,iteup
1870100700,nxepr
1870463124,iaqab
1871026481,ritxf
1871261216,mxkgx
1872180182,sncrj
1872458651,rvebc
1873465071,nllqj
1874210582,gkgfm
1874607629,prijq
1876165641,xuixg
1876261382,areif
1878143537,cwegm
1880681890,pbsjq
1881422407,qcymx
1884421389,xvxpl
1884987825,ymimr
1888337298,iuedl
1890246202,ingup
1890370199,zfbzl
1896778966,wbppo
1899025037,ucdyi
1900493662,idzbb
1903988023,pznag
1904827850,onzub
1910620723,lxvhh
1915809872,kgcsr
1916358869,vtlbx
1918965476,exbxs
1921026831,xkucc
1921212747,lwcby
1921960750,qahrs
1923595686,kevif
1925024745,gbqse
1925510874,kneba
1926727303,pqohx
1926819945,srflv
1926850629,xrsgx
1928498960,uylpy
1929420941,yypcm
1931257023,goooe
1931370086,pdzac
1931645671,njnig
1934369932,xwlay
1935289717,krdpa
1938411803,rdbxv
1940583366,rpkso
1943006490,xaevw
1943031752,pojfv
1943390162,dxaer
1949517528,xabkj
1952491974,chiyd
1954260671,mrxpk
1954603144,dadwe
1957618607,eiydw
1967044537,odins
1972364015,kkjgm
1973892111,znood
1974813555,mezia
1975085196,zanbr
1975395685,ajhsu
1976714727,vskep
1979495921,wiffs
1980132146,ghljz
1980950457,gqten
1981344247,nclnp
1981623861,ygapr
1982038639,awydi
1984041553,wkyxl
1984743016,goqeb
1985758638,tqrvb
1987296098,lbirz
1987350278,sbawz
1987363022,smzul
1988111233,fveoz
1988434671,qkggb
1989827683,mxxpo
1991977154,cwxvw
1992023476,utxlz
1993000692,yzhgl
1993922777,dznps
1995161414,etybh
1995175307,hjhud
1995571946,ilvcg
1998175923,gohhg
2002573461,neyxb
2004368060,wgije
2005026809,qlgjh
2007289280,bzqal
2011322155,iyqol
2012282676,ovwiz
2013245179,abrtm
2014486703,jccsv
2014753192,evrll
2015260423,qronu
2016764643,kxexs
2021099434,liyoy
2023930128,yftgl
2024440942,etkle
2029389111,uqyuw
2029652534,lsafm
2033583720,ahoiy
2035085452,zdzvf
2035391463,frcgw
2036549546,yltcm
2037108361,qvpcv
2037227310,yxqlh
2039874542,lmqmt
2040636136,ugonl
2041460095,hqgpb
2043338474,clmwj
2044026929,ecojk
2047702849,oldah
2047785590,gzqib
2050759907,vgwzl
2053059767,ziacc
2053224706,oqouj
2060820604,iegry
2061748017,ttvxq
2069505943,dyfgh
2072683117,gbevy
2075839503,yenbx
2078267306,pjmdu
2080065577,vjjjx
2080132393,yiugk
2080627935,tbxnj
2080630075,zjwfa
2081824439,rrkzz
2082155898,sknyi
2082629834,rbenr
2091149992,vdyxm
2091559248,okcqd
2091907471,fkocb
2096123453,yjhmx
2096207182,ywetx
2097773657,hkkes
2099534949,royeu
2100141725,dszgd
2101085340,makyl
2101419186,tvwyp
2105698778,vnfie
2110539173,wibhp
2110901077,sstba
2113550292,mrgti
2114100031,rnzsc
2114904357,hrscg
2116501824,htyef
2119306867,npguo
2119937019,hhmpm
2122091283,sbkwr
2124810203,xtgyq
2125170975,bvoee
2126365374,tmucb
2128132131,cdqdl
2130408241,jxyim
2132502860,qkzpu
2135229726,pahld
2138184292,jwiul
2139867219,nkeun
2139970771,dhely
2140246292,kquql
2142253867,mqdox
2142684381,mfiib
2142979265,azwit
2145621954,apprb
2146899713,xnqvj
2149209885,mjihf
2152962374,tpvwb
2153986890,stqyt
2154677979,vvgpe
2155001485,qbzyr
2155068239,mhmra
2155322161,ctcbd
2155837149,feose
2156983750,cwxae
2158642777,xsasf
2163809300,ldwtp
2165425508,wfwbc
2166844444,wnzmk
2168233696,lamyi
2168949196,gjaxp
2169035818,fldni
2172576430,endbj
2173174164,juoyp
2174741616,xcgwz
2175147307,vskcm
2178358757,lzbbf
2180336213,rvdlt
2181693052,ywtfk
2181815630,tovby
2185900066,qgblh
2186174983,dkbvh
2187668155,afisq
2187957767,aelfv
2189001998,jqwjp
2190430550,eycyp
2192902836,twsgj
2194092039,obvvv
2194607718,qyusn
2198587911,jqqoi
2199312196,yrdfw
2200680404,jnyli
2202251072,ljmfe
2202586506,bsrua
2203596704,jaogk
2206853187,rewst
2206902787,jjogn
2208492838,xwogh
2208543354,qwoxo
2208958959,fapet
2210851951,gomrs
2214354707,riizc
2214488155,lshsf
2219346323,tuesh
2223418833,vkkkb
2232064385,swctp
2232418237,ahwwh
2232755391,hmxlf
2235512386,xjadl
2239933840,znfsw
2242361210,qzjra
2242446976,wphcd
2243272433,pmeii
2244749393,cdyzq
2246107545,reskp
2246531732,rikqg
2247357509,kvadb
2252073209,xqtfm
2253304002,sbdot
2254885069,kwhob
2257999227,hiopp
2258391371,vyklw
2260412089,hodvo
2264707878,ndprg
2265034530,poguq
2265865136,ckwvf
2266071363,itmhj
2267288121,rxcvc
2268452295,tavad
2276068913,kkprp
2284237847,kvqjr
2285253851,uryvr
2285789192,mzakk
2288277600,qcare
2290412786,kgxec
2292468567,hwvuu
2297070209,bgbnm
2297921880,uyusi
2298211519,fxsgm
2302454835,tyrgr
2304466716,fxtmc
2304785144,unfix
2305718275,wvgdd
2307290280,wabwh
2308590488,sulqf
2309496103,eprdf
2311281241,zshsc
2311658506,ydygc
2312426576,nwtax
2313906947,ovakb
2313915335,wqqxd
2314127844,gxvus
2317220158,qgrhr
2317238366,ekzcr
2324902680,ttcia
2330090325,cpegy
2331150294,gfyvd
2331961928,kagkl
2336597180,xwbgg
2338110834,vgxht
2338650761,czhke
2339383233,bikyk
2341573829,irhvv
2342936412,ahvlq
2343073201,wwbet
2345294278,cozck
2346856040,rymkj
2346873369,mvoch
2350022881,spuhn
2350992917,irzid
2352447295,edxxx
2353459015,vehtv
2354819254,hzsmm
2355734445,qrlrb
2358202235,nojvh
2358785699,edxgx
2362012863,hdwpy
2362599375,hzitx
2362943163,ldlnc
2369614174,ehsno
2369921064,ijrts
2375649608,mwpab
2376788082,zjtmk
2377874326,vktiz
2378501977,euoov
2379572189,yftsn
2381192689,qulmu
2383344035,wgroy
2383634816,erawo
2386856891,wfsjl
2388533853,freow
2389973997,ponaz
2391455667,plfqp
2391777988,eyicw
2392072909,stvmm
2392746619,zpzzg
2392967649,yzshp
2394317175,wpuuo
2395833455,sjpsb
2396137714,jzmmv
2397115253,wgdli
2398112493,mojvf
2398118264,hhele
2399396944,zwuob
2399405467,tclnh
2400521924,obaqk
2402852459,lmvbx
2406958569,fizqi
2408742794,irxod
2409716273,lhvhy
2410552940,ypvex
2413388640,fbgxk
2414714034,qclqq
2416580334,zqqyj
2416722705,pvzmh
2416880535,lfjqd
2417653868,cwlun
2418986322,ugcio
2419166542,guick
2420281374,ozbjf
2422045718,bgqol
2422806424,udqzn
2423208516,wooau
2425188201,prswq
2425452575,qmpsg
2429935706,ezppi
2430312565,thtaz
2430407700,vwpay
2431616570,ueicm
2436035107,xsizr
2436421241,mkemw
2437045462,sutrs
2439229758,wmjfh
2444278993,djwlf
2444432622,fenao
2448921560,eybog
2449346294,fctdf
2450792899,psrxf
2451527824,ojtvm
2452979389,rlxwh
2457584072,welam
2459779832,rlwcr
2460517105,shoio
2460668587,kzoby
2463041365,vnxku
2465950876,ymbqs
2466951691,jozvv
2468725380,nqatj
2471604353,pzhau
2473425947,bacuu
2474104919,wxsye
2475276160,dhqyy
2479883726,zosii
2483667842,xwihl
2483933824,zqmiy
2484646500,dqdef
2485019125,doiib
2486402072,hscvk
2486765967,tgepc
2489072362,qlslg
2490287409,srljz
2493182775,eifsj
2493446870,mlyun
2495175749,bxdzg
2496006884,qfbkn
2496851094,iimth
2497657632,ukioa
2498024460,qpekb
2501517800,figxa
2502904072,mmmke
2504093898,yxhwf
2504735449,ogyfg
2506298163,ovhaq
2508672780,neyst
2509085322,pneot
2510800003,kdcjd
2512568697,wfial
2513398203,kruge
2514919666,ktsrn
2514982532,rwzei
2516944409,nrzny
2517556083,dfpbz
2519655765,rtebx
2523242627,qyzzj
2527419647,ccfqu
2527656980,wmbxj
2528817378,xuepj
2534973845,tbnrh
2536330425,wetal
2540223921,uloiu
2542398714,jroug
2542440435,tbpsf
2542974170,igqhv
2545197442,ytyre
2545796852,pjbbi
2545974114,kyurx
2546210953,bqknt
2546565010,blqnh
2546857961,fjcnh
2547223680,npfhp
2552632408,dupkd
2552957662,rctyp
2553596437,xvvpd
2553799249,dpbon
2555063529,pbldw
2555766536,hdhlo
2557325036,hlcix
2558966284,rucig
2559620682,fbcvg
2561348522,ljatn
2561935279,xyuyh
2562242316,jryqk
2562859794,bogtf
2567326093,rtnka
2568487902,qckag
2568824824,bxgxp
2571188854,dtcxi
2575479823,yngxm
2576072338,eqvsd
2576646214,aonvs
2581300058,cgkvm
2583008509,osunk
2584013966,kogax
2584617516,nbgae
2586166331,llbig
2589003718,btmzk
2590562336,vjsho
2591061805,dwzde
2591443662,szpeo
2593217450,ttbde
2595544933,vmyiv
2595621307,ifkes
2596901586,ftzkw
2599137157,tnwdd
2602563460,zkzmz
2603609349,ddeha
2603916243,idnqs
2604925883,bquca
2608075671,viqxc
2611923285,ddpik
2612371173,odhxh
2619612550,wtvhh
2624657526,znbzo
2625864654,nknyb
2627291008,xjjgt
2627369141,xgsce
2627904330,yjlif
2629756381,wpcjm
2630507019,aicwq
2633659007,dlqbo
2634969073,wushm
2639998761,hrics
2640221223,tnxhm
2642564775,ueqsw
2644306469,hfldw
2646099632,knsic
2646654756,fsumy
2651461613,cpfvp
2651916954,qtzsz
2651974089,nzrot
2652342274,exuaz
2653250567,cyndo
2654190516,jyphx
2655044857,oggtr
2659402535,jwzpd
2659853392,ozryp
2662296565,voxir
2665773586,ftftz
2665983911,lqdzd
2667559795,fxadu
2671529868,axnct
2672829743,oizlt
2677108258,kdjte
2680358217,qadqu
2681157583,kejoy
2684425405,dbyih
2685161673,xmkoz
2685615976,eesox
2685963719,qzcof
2687352321,efrhp
2692532071,vpnue
2692958797,perrj
2694646447,hcgkz
2697695377,ukake
2699782852,nwtuw
2700632557,emhde
2701624162,iylzv
2707181867,ppivv
2708787784,ligsr
2709838771,wtnyh
2711024258,rnzfo
2712163069,odrcf
2714742074,dskll
2715382496,wpbdw
2716147805,wyldr
2716346099,jrjhw
2719820634,tkdtu
2732353629,xoiub
2734453360,ufixc
2734723348,swmcw
2736179324,jogsi
2736443508,lfsia
2737817304,tzrtq
2741063725,ppxgo
2741857174,wwbos
2743884850,hycrq
2745097586,wnsfy
2747470212,lixnq
2753073581,jqtqm
2756143997,lfpml
2757650350,jctif
2758735281,suvux
2759211117,wkpak
2759301425,nssly
2760000574,bouks
2760082690,gnbah
2764052364,mkueg
2777390651,fekcl
2778242696,kknvn
2781581910,ehcwz
2785571194,oqsxz
2787013437,hkeef
2790278173,nrlxd
2791907708,tnkpq
2793113272,yeppv
2795173099,ludos
2795337933,lpudb
2797111451,pwvxv
2798622985,pstqa
2798687534,iygfn
2800053298,shyms
2800366371,ilcgk
2800772608,fxvwo
2806165194,qzpjj
2809975655,fzuwl
2811489561,irxub
2812712275,kbqgy
2813252311,ezfcx
2815603692,lfoxj
2816275261,hhvcb
2818311123,gfupw
2819454559,pqmgu
2822984752,etsxr
2823221683,refhv
2823271336,isxpy
2823307117,cxobr
2823542966,kowgi
2828398602,kfvyh
2829636677,yamgg
2830240422,cslfl
2831367793,ibhlz
2835282547,bqqkf
2837544173,aczjc
2841078687,dqjyo
2841583879,frpbh
2844168823,lrkrr
2847813434,bjdeu
2848312125,fvxvs
2849409761,biatd
2850220900,ymujx
2853326446,dlxoc
2855711087,irwot
2856804741,fvpeg
2857474901,gxczs
2858785497,jkcqg
2859504858,ioole
2862127000,hzszd
2865258549,hyzge
2867744301,yrimb
2869040481,exwic
2869468538,uceqq
2874592424,ewfkz
2875946774,adzrp
2878021964,cudvz
2881157400,qugnn
2881230568,zvmob
2881391382,tusml
2885128940,situs
2890285167,geqjb
2893356742,hwmmh
2893976465,bnfyt
2895594434,fayyn
2896997821,wsmfw
2897934605,mgmif
2899522602,wjvqc
2899591872,hkruw
2901787544,cwoel
2903721982,risve
2908393521,srnwv
2910981799,hbczj
2911720632,igfxz
2914899373,wifof
2918022909,rmewr
2919569507,nwnpg
2924172388,hijsq
2926735516,tnikb
2930243027,dhmha
2931918994,ifwti
2932597140,tsqdl
2933410790,ttrji
2937756119,pqibu
2939958072,zzlyv
2940056993,dxqwb
2940108110,kgugu
2940603016,gobjx
2941493276,hnvkj
2942542723,zhtna
2945510811,kyggl
2952263480,wrmta
2952628697,ooqef
2954210866,spqvq
2954316569,eidop
2954823359,lrphp
2955257129,grauq
2956142108,mbgvm
2958269843,udtel
2958972603,yycfi
2959862051,yxmey
2960566980,dkbzv
2972212077,wflnb
2973886812,rgewj
2974653732,estuy
2974744498,eqjyn
2974942214,xiuee
2975679402,kijef
2976696680,ziqtu
2977289623,ehgsm
2977662109,waalx
2979900694,hhklk
2981089024,whfkc
2982728185,pfdys
2983606224,betnw
2984914517,qdmkt
2985594871,jlyty
2991152673,xqcsg
2991385771,nvnvz
2992187862,ipitd
2993683737,znngf
2994800218,gcrsa
2997432351,yhucs
2998114990,csplo
3005474233,otbtp
3006921088,tucih
3007151860,rdggq
3008446629,xqgzn
3009089417,zvvse
3011246153,onkww
3011691020,bnqbq
3013294248,nymfd
3019576555,dndsf
3020131271,dmfhb
3021221619,yrhha
3022729490,uqaar
3024309598,gvbqx
3024575378,rsaqe
3025925257,atskj
3027777612,gxmwd
3029101130,wkvio
3031289339,kvhcu
3032248172,bbgkq
3033713893,tqffv
3035176518,dzwku
3037501817,relzt
3040201878,nmgak
3041106316,hjiyi
3041504391,ugepq
3044325294,nbudh
3044645706,kbspx
3045851841,dytbz
3047644269,tnwue
3048180951,urhfj
3048530291,cwxvv
3056799208,fstzs
3061393593,stmkv
3061608151,qyjhg
3062825318,dipld
3063894078,yicuk
3066534445,qjzuk
3068205673,kxsjp
3069160698,cmbrl
3070564034,wbndf
3071133445,ilnzq
3073208958,vdfwo
3074578573,yinqs
3076233944,qhczb
3078058809,wearx
3082403840,xcwsa
3084768213,ktnwr
3084898791,majss
3088099067,fhzac
3089835831,qiczh
3093990511,gqffo
3096506380,alroi
3097926723,nkimo
3099122831,mhnnu
3104716306,yfonq
3107417313,wrbfq
3112113283,ghcyz
3112456771,pwrro
3113773123,dshwx
3118720221,njzpo
3120062627,gvxtl
3120198592,xtvyw
3121552448,hsluo
3121979212,lamzf
3122877097,swjwz
3123016428,iaijj
3125523881,covwc
3125863217,jubkd
3126052848,xezlj
3127234551,iyltq
3130621234,swzjo
3132075212,gbdtz
3133059556,ocagy
3134118609,ydbod
3134486437,ihfdr
3134598046,tivpj
3138127490,izral
3138361931,mpwoe
3138529210,lznjg
3139120640,tetnl
3139439083,depoq
3140548449,zlybg
3141892452,xtgwi
3143937983,ikboh
3144242494,tvomj
3144755835,hznpz
3144817791,ophtp
3147718892,qwouw
3149113452,xbqmz
3151479645,ivetl
3153049473,akxvw
3157813778,ybeun
3159224949,uphwq
3161631831,rajxp
3164462606,ahnys
3164786037,brwhr
3166437602,bjblh
3166842584,fbwzj
3167589239,ogmjt
3170422864,hfdap
3173857441,iexal
3174441910,slfby
3176968145,ooqhc
3177702918,itvtg
3182689789,mwafr
3183127530,kbjkt
3183285962,qxdms
3183895166,logts
3185386090,swbyw
3188944588,bixyo
3189305648,fxsai
3189802510,ugkmq
3190687647,rwqko
3192920496,mkhec
3193323609,hotva
3194596029,vjzid
3196449406,ynddv
3196529326,fwfii
3199081272,keqov
3199240774,wcpcr
3199645986,keirm
3199684877,qkfim
3205322924,cfcfw
3206077070,onqyf
3207700154,dmsmx
3209673078,mksex
3211578281,iflln
3211716550,wwsba
3211928519,rbmzm
3212101824,cgdoo
3215045232,dcckn
3215254576,hkepa
3217380294,dtory
3218312060,kveqd
3224543024,ekykr
3224675728,wzipg
3224814617,beoii
3227452795,zdmsv
3229096765,suvuj
3229986721,csafr
3230186072,xqzaf
3232679303,mumpu
3233184661,wbxsd
3235859064,updkf
3236160309,vgawp
3237251012,hfyxa
3239761587,gcbhe
3240429525,uwlbs
3242233720,jvkbv
3243506039,vbmpv
3248736645,pvizp
3250751034,sahja
3252675763,pxurv
3258577709,unkgm
3260010630,effbr
3260314616,shzpk
3261067799,qaalp
3261300312,ggxvz
3262172861,lxakw
3262579192,cefdo
3262871691,mikoh
3264821973,flqdu
3267136553,dkawb
3270300540,vqqqx
3272312554,uezaq
3274105734,hzvwz
3275232444,wrnps
3275785328,txbrz
3277117629,bzgxw
3277498101,gulqq
3279353930,winew
3279818285,clduk
3280006792,rgvht
3280566335,irpgw
3283020523,thwec
3286934987,axgko
3288184282,zzteb
3292678086,yyhlp
3296213400,stzlz
3297233443,uaygc
3298005305,qgeoe
3299390220,nrzlx
3300600933,sojul
3302202440,unyae
3306114767,bmakw
3306378660,okaeb
3306635309,ctnda
3308154874,fgezg
3308155882,pkozd
3308312272,vzsnu
3310868655,egdqj
3311870697,crxep
3312263224,oxdtg
3314241612,okvww
3314664988,fvgwy
3315198154,fvntj
3317284327,kqtgb
3317715244,brzol
3317757960,jvaob
3320739014,echiy
3321261752,ebamc
3322327194,sxwia
3322824719,eixex
3325490297,griuk
3325835448,oubtg
3325863052,joysh
3326214037,hjgnn
3331449688,zprvw
3336153626,oslld
3336640600,gmksk
3338396933,bneyn
3339318313,ebtyp
3348306663,beqvh
3354114224,qlymm
3354952324,mchlc
3357963445,zkzul
3360278736,vzdny
3363993753,tcjql
3364125915,ybxbs
3364803863,bznnm
3365922827,zcpog
3369793126,zdxfe
3373425330,aasak
3375157743,quhbi
3376817460,sjflm
3380224625,spgxp
3382372189,xmiau
3385309912,pdiil
3385577496,mdhns
3385723910,qnqye
3389474432,eqnbr
3389554698,xekzz
3390039953,snjjy
3390535801,uttcz
3390878660,pqsga
3391508444,cvecg
3393286763,trcej
3395952517,xkojv
3397051485,gkrni
3398220457,yhfae
3406316961,ikxqf
3411266824,caaqv
3413155572,zhnqu
3414485583,uebtx
3414548895,utehl
3416574631,yugte
3416908800,teoph
3418785480,jdacs
3419681572,owgjg
3420843575,lqegk
3421419027,ccoby
3422057700,hkhhw
3423747089,qbkoj
3426568147,hjyea
3429655011,hvtif
3433738755,fnamp
3434358028,hivse
3434846111,dvfrj
3437158959,ekdry
3437626319,uzysy
3438166820,xhbkj
3438269259,xmoas
3438825830,kqvvy
3440252313,udulk
3443578633,oxofs
3446549003,ffoal
3447471781,nhofr
3448681023,mrepf
3449468730,lyvwg
3450100183,fnmmq
3450180430,gqaxt
3456123318,ptvqb
3457675620,dzclp
3461225644,nrdim
3461241664,nawuw
3461891619,tqxrs
3462350520,smrtf
3464029987,phcqw
3469285482,tnjxa
3471457230,jguun
3471548551,qnxbw
3471803412,hkikv
3472815663,jntkf
3473518999,ttase
3475283637,wltcj
3475538164,dlwpq
3476233189,yxoge
3478933713,sgtdp
3483349842,mcpsw
3484820872,zgiev
3486391872,rsuil
3486909399,yecgm
3487092843,pfuyp
3487601415,nbxlv
3490320606,tmpzz
3497516474,tvoft
3498797140,nfzbz
3499751670,akmtd
3500140259,yepzv
3501606645,xrcin
3505520750,vskuk
3506755715,yokch
3508553833,ysvbz
3509330931,qhsdt
3515377650,ouljo
3515490615,jyezy
3518058904,xxheo
3518713426,qtuxd
3519209012,svfgk
3519726633,hruhl
3519797833,snmlz
3520543081,ekric
3520786356,qioeb
3524248766,wscxl
3526220902,phmer
3526547221,kzpty
3527048323,rqcog
3537039885,myelc
3538722800,mqlln
3539478872,frpwc
3543881277,cmdhq
3545887381,femor
3547349889,bqlhj
3547888069,sznyi
3548792150,mioju
3549498171,axbcc
3553010655,rlpeo
3553237993,hnfll
3556946273,wujsw
3557570444,rmsrm
3558733621,ahowi
3562839577,bteti
3563008437,plycx
3568655322,ofuat
3572786268,vrylx
3578824735,kedqn
3584051374,szrxo
3585377261,oayqj
3587051941,mgbzs
3587104664,grtpc
3587592545,bpuqr
3589419478,ljqkv
3593486381,ziath
3594139129,qpjyo
3595098694,nhvcn
3598223775,ktstl
3598909848,xtqns
3600079970,zjcqv
3602681435,sjeni
3604754886,armfz
3606382606,brtee
3607656225,pvidc
3612501632,vmgft
3613771878,etjvp
3614799655,yrnig
3617928363,iffgi
3619384458,elfgk
3620485352,jaxte
3620730241,sklfk
3627378397,wkvwm
3627414683,rdkdb
3628555253,xniaz
3629490957,jzeja
3630318497,fiyfo
3632196408,rckuo
3633542354,wiszl
3636364494,uizde
3637537548,tdegg
3639415298,bsqhw
3640428217,oibkk
3642362233,kvdgv
3643619975,ndivh
3645035250,wzazo
3647159484,tutnq
3649852052,xmaju
3650761169,sctyn
3651983156,chhfm
3652941745,dtgko
3653243311,pdkuu
3655485696,sygmo
3655745899,zqqfu
3662843018,noqko
3665665993,icujf
3667408688,siook
3667745324,tudnv
3672795468,nzgkl
3675184003,vzoua
3678972520,mhauk
3684034807,zwjop
3684496345,rkgny
3689352319,qjmlk
3689539371,iaqeh
3690663873,jxpkz
3697592008,scogv
3698259474,wrlut
3699090770,wkasm
3699850571,podez
3701752392,tgbnz
3703229778,njflm
3703915468,rfrmh
3704277727,cfsql
3706157681,qucbp
3707397094,czhev
3709780635,dbhhk
3710430340,cuazu
3710668000,cjrnf
3710717908,fobvt
3714180484,mdqbw
3717720057,yloqp
3718354450,eposy
3723543564,lqlme
3724244503,ngvrf
3724920619,vibgu
3725024187,fwkna
3730378139,viauw
3733019703,mqosy
3737810337,awztc
3740859793,ogzex
3744441856,wydnz
3745736060,qkacb
3747202773,rwghg
3748321151,cxkcm
3757612389,wyhca
3759756605,ikvqq
3762330557,ybajt
3762772404,psagh
3764315351,qsoqs
3767553093,ygylo
3770462345,alkmd
3773691896,rnmnu
3773877363,jhtiq
3774103270,yjibn
3774299311,btxzf
3775435989,jfjna
3776864654,eifvl
3777610035,jkkpu
3784165222,vmulj
3784695035,ihtfz
3784819198,rgjht
3785885918,tpvdy
3789230968,aummj
3790102816,bnjer
3793248203,irree
3795633689,pqnca
3799623754,zpefq
3804460241,wblom
3805498462,vubyk
3813492571,rgbgj
3814198070,lhobz
3814983761,nffdi
3815822598,bwzid
3816265581,kkbnr
3816596645,poyio
3819041417,ezwtv
3821249037,nubtg
3821271049,yfuwo
3825958377,kpssv
3827811188,necxg
3830262690,ytetw
3831997321,lgiwo
3832215059,idhiq
3835012464,xznmn
3835632504,hoyls
3837033352,yqaec
3844232939,xthwr
3846150939,yrflx
3846635341,wickj
3852134222,lidyt
3854864183,rahbd
3857478107,hzoca
3859821528,useja
3860545711,ijwjc
3860628231,wgkgl
3860956663,vczak
3864931300,bpvzo
3865168283,xpswx
3865626111,irown
3867785009,bymmd
3868522327,uiweu
3870745388,tgqyz
3870816573,qbvtf
3873631299,aqqoq
3878606207,nefxi
3880441513,krecv
3882334065,aqeiy
3882707818,mvdfo
3889192974,rwhsp
3889912076,tsxaf
3895131196,qhovg
3897900881,zzecf
3899075054,mtmrh
3903091627,xocdl
3903352785,rarsr
3910880973,otvpz
3911676137,aupmg
3912575651,sobyg
3912711148,djokj
3913340514,lyeio
3913468821,blcqz
3920425844,zvveh
3922240876,dqaoh
3922832687,umdmm
3927233245,fvaqv
3927429422,imrko
3927793128,phvmx
3928008979,qvzqj
3928455741,cmxrb
3930231281,hwdvm
3930531273,rtkpa
3930914053,ryzgu
3931813463,ynkfc
3933339891,ojpxm
3934585569,sxebc
3935529167,ynptq
3937993280,zeqnw
3939802354,kxxwx
3947884918,ohyos
3949123047,xpesg
3951226447,kvuss
3951877807,oywbo
3952972759,hzzhu
3954896800,zxtat
3955360598,ojxzh
3956534267,lnuyb
3956566560,jzmvl
3960249432,uxqof
3960481974,uianr
3961090433,qjugd
3962028549,vrdse
3962896854,bqwuh
3963751274,yzczw
3966259662,fufzt
3970218613,stptm
3971603496,iffyz
3977453357,btmyf
3980446235,gvnta
3980757998,izrse
3981516389,vxsuk
3983269628,zvqgd
3983895791,mcjvk
3984528099,vjksj
3989668035,kkanq
3991066401,esgrc
3992462801,mkiqy
3993277446,obenj
3994591890,kdfvf
3995319663,oewgm
3995977483,xdjki
3998665659,nhrnj
3999781950,aobum
4002205634,lerby
4003632266,ddzph
4005491533,ukbwy
4005969412,szizy
4009402440,eiezb
4009583898,phrgv
4010270844,lbdie
4011057705,jtugk
4014158521,uwkjs
4015280635,hevco
4015832649,linlx
4017322284,zzjep
4017590390,xukhh
4021529694,nfyre
4022853183,gshop
4024073326,xegax
4024628788,xlwuh
4026545935,xxbsg
4026816588,dftxq
4027426163,toyoz
4029840456,retwp
4033727437,yapnn
4036370274,qldjg
4037969948,qncji
4038013475,apsbi
4038985357,wnzkj
4041003650,mlevq
4042109096,utcmz
4043214840,elsvt
4048312204,nczhp
4049024616,afedx
4049384284,dzfwx
4049447192,rhtov
4049776532,ibbfq
4049895316,ewsba
4050420153,kgmta
4051291083,ytnzi
4054151677,kpifd
4060800472,dodkk
4062933809,vnzdo
4063533960,uybgv
4064762076,kttpm
4065895535,oyxjk
4066041392,jrrui
4068407038,rgres
4068808721,iqimo
4069522476,jckem
4070751178,hxrul
4071353459,wodel
4071502119,erclf
4071979223,ujjjx
4072093305,myloz
4073539506,yxigb
4073897588,ogyoy
4077343965,ybmdb
4078956757,lldct
4083764671,hsote
4083894566,uszfj
4095233063,oxoqs
4099424586,hglau
4099460820,ijxmt
4099520678,abbml
4099562117,jsbte
4100278625,zxsgt
4103168123,nhfwv
4103367649,tvemq
4104894079,eltwx
4105415863,yvtxw
4106834662,knysz
4108260252,ggmrt
4108957532,zszbg
4113205638,ubvwv
4113678030,padnd
4120638048,ggull
4120917139,yataa
4125913549,jpzxt
4128214399,goixw
4129347708,zkcrh
4130716395,ktebx
4131953208,wxsmw
4133832135,nqnjr
4133877415,ehkkz
4134508409,sklgk
4135444599,qncdn
4136468082,wphir
4139036175,guzyb
4140927411,yufmp
4141135976,rsrwv
4145038554,slbtq
4146000916,novqi
4147219147,sysaf
4147882232,lonfh
4150713235,rziqy
4151699405,cbmoh
4152712550,qzsbr
4153219305,aetol
4154039966,ugufd
4154144249,atoxc
4155594321,xwxeu
4158211595,uyclk
4161645595,bwkzu
4163470989,aoyar
4164399095,odaxh
4165716666,icdeo
4166289412,qrjoj
4166440892,xdzht
4172355527,pikxn
4173787456,iamgs
4174202950,jdcyq
4175076522,hyqyp
4175969611,mfvdb
4176917634,nsepx
4177052517,plgma
4177240835,zzhse
4177854364,emwwl
4178754850,ufptu
4179601417,jkhkr
4183369808,nujwv
4184668906,vfdap
4186208069,ycusf
4187824844,phcks
4189301493,vhvqh
4192532803,kvneb
4192965088,fpnsn
4195607362,juowk
4196268942,svbmd
4197015288,gaxkr
4197109032,akojq
4199279039,sobwo
4199375937,smbrw
4200064534,ejxpa
4201467700,dxujz
4202583327,rjqkn
4202885786,rpoyo
4203914457,hteul
4206146118,nthwe
4208872503,eanll
4208968455,sutim
4210301257,ftgzu
4212727612,hjzgw
4213501819,cuysn
4216764816,rhxgn
4217463944,myart
4218961689,eaytr
4219501050,ocrlu
4221905383,zursm
4223825538,tjkab
4223846745,xydux
4223987046,xkzls
4224829847,idnnu
4227023858,qdwhv
4228600252,yyhpc
4232950574,qzyjb
4237234611,noewc
4241537343,lxizy
4242120084,lougo
4245743826,znwht
4246021019,xhfok
4247161389,shcnl
4247597467,iqqgt
4248183191,xelpc
4248834286,azejf
4248976146,yixzm
4249579423,dgrbn
4252035347,zngkc
4254131128,xzsft
4256562243,baflx
4257486600,xsjun
4257579768,wbnsb
4258839324,ikcat
4259502899,bfbbx
4262787227,rtrab
4264988063,hydhk
4269000191,toaea
4269998752,tkcfy
4271802428,zocml
4273497990,mddru
4273684583,pjwpl
4276853193,kyzzs
4280709688,kfcne
4280871197,ebrnm
4281489531,utnim
4287847812,rphnu
4288686032,iptxy
4292207495,igbuv
4293926810,azqzx
4294762031,esghz
4298408980,peetc
4299707886,qypcj
4301579447,aquve
4301600532,xchau
4306790785,qdzbr
4306958499,wbell
4310289756,nneus
4310298875,nltms
4310351801,hgpuq
4312433769,kslhy
4313543639,riple
4316234262,fiykf
4317978047,epoyb
4319757817,alhby
4321823549,gnmez
4321947819,qhqzn
4322050522,wdjbm
4322061160,lnmeb
4324512839,wqclg
4325872064,zsnwm
4326716570,zixel
4332260276,golhp
4332368248,holsj
4333916859,ubtgm
4334498710,phttg
4334723674,ucjjh
4336930958,zjlrk
4337522173,wbfeb
4337567864,wvawb
4340442200,zqaoc
4341353289,tyvww
4346786887,evvla
4348142758,auiit
4349185710,mscwg
4350000019,kuclb
4352205836,cmiys
4352711539,xhmgl
4357208800,sebyy
4359525759,scmyo
4360341281,fglbe
4361073314,vzlvy
4361510280,ksask
4362919495,hplxy
4364645855,mgohi
4367503476,gvkvc
4368043661,vvcxl
4369530676,dfeug
4372346317,isndy
4373114793,tkiwu
4373290693,mxzel
4374235589,ijczp
4375981770,tpztl
4379378680,exwbl
4379942348,hcmht
4391147365,kzlau
4391661526,kddxq
4393685220,tritq
4393789202,ssrpt
4394693057,wknnw
4394922698,wnirg
4395704695,bbafk
4396619052,cgthb
4399164241,pgaso
4400296791,xcxhm
4400760801,lxnpf
4404555429,lsiny
4412073264,ckavz
4416237600,heput
4416332619,zubkg
4417530329,uszqz
4417609528,hqupy
4417650859,fnrra
4417897074,tyiij
4419034584,psuet
4424174676,sinor
4425571471,lbrbs
4426281316,jcdel
4428926281,nlhgz
4432455589,fctvw
4435141194,npttv
4435789702,efwif
4436829674,zifsq
4446172637,quvjb
4447198929,wrzpe
4449351012,tqskf
4450550107,jxvsu
4451867575,qaiob
4454714907,oozey
4455434002,fbmce
4458753772,uwaxt
4461146494,hrnid
4463417286,qthkt
4471826750,sekfq
4473505735,heqjd
4473618826,kaotz
4475935665,tttdj
4477960836,lklfe
4478479327,nogiu
4479573831,dbuph
4479614284,lfzlw
4491237658,bfrpl
4493650614,tlnln
4494706274,bjrpt
4497102090,qpaln
4497206614,fxxpx
4498163893,hrmhe
4498500259,efutd
4505419983,omrhl
4505458521,djmjn
4505702477,wvvfi
4507775870,uycsl
4508236979,xwbpn
4508384488,hpkrk
4508631066,ckprg
4510187367,wjnzj
4512519844,zxuyj
4515357048,yxvqp
4516837134,qppiz
4517354730,aksdr
4520020364,ijjjm
4520438946,elcui
4521850902,eucow
4523787495,qqdtu
4524936021,hjoka
4525049769,eeqho
4526199863,kwlel
4529201870,hcudb
4533669265,caogc
4537006990,bkkiv
4540960741,luuce
4541585837,bzlyz
4546234219,xmego
4549026466,jelck
4549428410,kpdrq
4550174880,qjlvw
4551032512,otasx
4553672664,mrcru
4555520338,jpqkj
4557001457,oapim
4558160821,eailh
4561426854,qnbto
4562116032,jfbwq
4563451903,lplve
4565126973,amgul
4566128723,uwowo
4566225546,jfjxx
4570786620,atjwp
4573542351,yivki
4573942278,wvddq
4574206549,jxawq
4576313786,hgwue
4578067159,sfmyt
4579498372,kxuji
4580013010,fbram
4586091391,wqfut
4588453760,tnidn
4589876121,pkevh
4592661488,glxwy
4594683228,okfxh
4596970424,vvpho
4597886913,ygzjd
4598045077,pbokv
4598444400,bszks
4600511750,vokzb
4600717191,czddk
4603715311,yokef
4604941628,kuubx
4607277481,qkgjv
4609225079,jzjae
4611927191,ocfte
4614652297,rzmcv
4615700437,zxsgy
4616760629,zqbfx
4618293308,sxqll
4620175786,qfrae
4620587963,eicra
4621486849,sdvrp
4625678993,otmez
4627197444,lzqwb
4627684560,cdmzm
4636137601,ldvnh
4637265546,enwjq
4637374268,qgmhf
4637847463,imkwh
4639959538,hspcv
4640954391,kgntp
4641395280,ndedl
4648515517,vtrdb
4648904283,lnbgc
4654900515,wkqri
4660222776,dblzp
4661285718,gwoja
4662451727,xrjgz
4665709971,mslry
4666457266,oplbl
4668589752,xdhhb
4670654670,qigbq
4671190902,cyygt
4671433477,kwdew
4675393726,jvunr
4676738563,fueot
4681027426,hpkbk
4684689094,mgeqz
4685074001,zlstc
4685251205,xenii
4687251334,gbeem
4688519521,ehjdl
4693407425,kswro
4694823732,rlkcf
4695529176,lgtuc
4697167462,jgiqg
4699241061,ahyno
4700515432,amvec
4701737364,vrcvc
4704012627,oagih
4705411243,palja
4705505077,cisaa
4708011088,lqfka
4711159577,wamgv
4713819455,vgjvx
4713846355,jcdgy
4714444655,brjce
4715359343,qqycb
4715896939,nvcax
4715952202,lvabc
4716866020,gstsa
4719713927,mktlk
4722453571,rrbjq
4723910115,ramco
4725517475,bwiuq
4726327452,agjvm
4730204679,rcuap
4731130967,wyjnm
4733107098,qjvir
4733959486,ymdhe
4734051581,xofjv
4734559715,szlux
4734689312,fenep
4737048563,agzwx
4738327233,dokuo
4738590176,abbon
4738931542,kdxnf
4739206728,jnewk
4747221137,fkqgp
4747562666,qpmtr
4747916385,vtdfa
4749468626,fdhds
4750035000,arrfd
4752155453,gzrwf
4757083248,fgmjo
4757982455,rskyw
4759222427,hstzs
4761150459,uyalt
4763811889,elgyv
4765491244,tyfwe
4766453390,mrxco
4771249891,ycrac
4772690275,nhgpn
4774214316,ghyoc
4776111652,nmjwy
4776606939,rxvil
4778186535,rvbcm
4779192505,sszka
4783487880,dsvvj
4783556193,rqrnt
4783801424,rwlzr
4783822212,twmfq
4784565018,xqjys
4786995277,rlywk
4789793888,gxall
4792415357,qdhog
4794011883,yecvy
4797350294,wqzkx
4797411265,hbcbn
4799498245,hyjxy
4799905092,bfxoy
4800053928,mjumg
4800751882,fmqoh
4800961259,irumv
4801056669,sidtf
4802119285,lhruy
4805326753,arwoa
4805541514,kbrmc
4805674658,emiqp
4806580567,gaewq
4807081084,phdkh
4807857449,nnaam
4809301632,gszwc
4809307072,ebmkt
4809541301,ymhkg
4809786837,gqynk
4813983622,yciuu
4815002420,zhwff
4817761646,wyulb
4817925348,xoorw
4820253413,sofbc
4821617506,anxfz
4821794240,snltx
4822460919,vsbef
4825727457,qfvzj
4827312568,rjuti
4829303942,qezrv
4831854860,smahg
4833560783,djxjb
4834812197,xewpo
4834985215,btfkx
4835198546,vlvsu
4836202117,jyzpw
4837645131,rfbmq
4839496723,wdxeq
4842448349,senyx
4843203173,ipsop
4844433839,asxlb
4844924629,avwcf
4846425799,wqjlo
4846930061,zdjsk
4847692674,vjymd
4848554859,meesi
4849312311,gddqp
4852409526,vlomw
4852626534,tuoae
4852860186,itofx
4857245741,xmwva
4857324202,juucg
4857623988,fwhrg
4858045785,fdahj
4858697997,yrwet
4860844302,iuxvf
4864176311,vzcwz
4864588192,kdykc
4868510043,ogtce
4868534513,dybvm
4868912795,nowmj
4869641740,jmerq
4871646813,lqxov
4884433404,qoxoy
4887836703,syfgs
4892801812,unxek
4893722989,istox
4895474092,qxuut
4897873655,fhwxb
4899705278,bvhsv
4900575200,krnxb
4901100143,ylyvx
4902784379,qgcix
4905056268,hlwqz
4905214096,qsmdg
4905641925,ockru
4906968740,lzzey
4907069611,yekre
4907180274,iddtd
4912612674,aiqbf
4914725977,cvtsv
4915063761,mcqpr
4916034955,mauvv
4917382382,izzzo
4917412054,wqjje
4919207356,kogmz
4921153810,ddjtl
4921678818,vhfxq
4921759434,sqtsx
4925335244,gyhup
4926106236,uatkb
4927644371,bzaxe
4928215771,fbyip
4930096799,sshdi
4930802583,bziqd
4931092432,bebuy
4931442334,imhoo
4932535403,tdcog
4932721376,sxkyd
4934871306,bbfls
4938868484,iqmss
4945536556,egvze
4950833305,wdrge
4952793442,bfasx
4953912883,vecqq
4954447787,zeyax
4954684591,hckid
4956885829,gyylb
4957032169,ibtbw
4958150110,fywke
4960695468,ytzox
4964175357,frwtu
4964880153,ejgpq
4969393216,suoyk
4969995054,gxmrm
4970604534,rewmk
4971669801,fxrfh
4972766547,popzf
4973028893,smcbr
4974210236,gjdpv
4974532193,gzbai
4974792888,kkzvg
4980545540,flgdv
4982358313,wpurq
4984314772,dzesi
4985125450,smpvp
4986200542,nesot
4987654030,mnuwc
4987865032,wlnsr
4991076937,tnguv
4991990336,qbxhw
4995387223,yapzp
4995434293,srelq
4998937930,ioqtc
5000878712,ejunu
5003048334,qpwgc
5004296553,tdcfo
5005647237,xxrrq
5005687672,ahiov
5006917301,iqlca
5014679646,hjads
5016619977,fasov
5017548187,brfsf
5018784862,empog
5020183033,gagkw
5021720628,odlmc
5022492870,qrrnf
5023407324,kgqdc
5025047926,qhvlf
5025160113,rqion
5028286940,tjsip
5030200707,bflne
5030474664,pqjhr
5031066756,bpbai
5032424111,rdaaj
5032580559,jnner
5032718008,ziujm
5035434625,zqwug
5035700571,nrljc
5036698040,shhvl
5036796495,kzoct
5039683277,suskg
5041220174,uqpaf
5043768515,zgzrs
5044228622,ybslp
5045187232,kejvz
5045737828,smizx
5052213924,ambne
5052449355,gunfl
5052501316,vkodm
5053502419,yhafg
5054656927,pmrnx
5054735220,lusca
5054938358,rdnto
5055683355,kolkp
5061917965,xhopp
5065001603,omkfr
5065229295,pkyfb
5065330958,gnpej
5065507505,fkzyg
5066613536,hytfq
5066776394,ozpmn
5068696322,ewtaq
5069096271,yvznx
5074429924,eufur
5077604481,xwhuz
5078902469,lywyu
5079761720,nyfab
5081949272,quemc
5084614420,bpptu
5086296831,nvfhw
5087933554,aurcx
5092293894,ljqoc
5092480264,wfhcf
5093835353,fayua
5095653630,ufguu
5096056113,njgbl
5096431149,uqbqr
5097815099,njmas
5100753389,hials
5104737333,ljxhq
5106711433,cpttd
5109109628,knrre
5109279062,qhjxt
5115648791,nlpvy
5116096322,kpsse
5116540489,wcmfd
5119962031,vbxsu
5120100138,rzzyw
5120423887,ybdgx
5121978152,icslu
5122070509,ythbm
5122506143,yqxev
5124392379,nqxlw
5124540385,aezea
5131105072,nzjhv
5131824126,krwhx
5132006933,zbnja
5132419476,sqdhm
5133935364,ykapp
5134509492,xxrhv
5138230405,vboqs
5139970559,chyml
5140958004,ptnka
5142759387,didrl
5142890285,lyxbc
5143073745,bzxqf
5145237152,vifbf
5145485621,kxpaa
5145870126,gfmuz
5146438170,avpgx
5151090539,xtgna
5151222838,cebpa
5156486055,axejy
5161104436,eujrr
5164622602,kkbrz
5167797380,jhipq
5167807758,idniv
5168386752,tbbrn
5168433607,ygqnu
5170162166,jfgky
5170239927,ilnhq
5171753368,hjkhe
5178058714,uyozw
5178480524,grvro
5178566983,kdtns
5181770319,qaozn
5183199225,kmkrc
5183324103,fqkik
5183487447,romqj
5193468127,phxeq
5195502813,ntiab
5197786699,wofnp
5199143064,dnqnk
5199472130,csoxl
5200572948,wyqlj
5201042521,gzxgw
5206712907,zqjoq
5207091324,cvwws
5207777942,ttaqq
5208116783,fxmyb
5212023097,foapq
5212757027,ynzwc
5216943923,aoewy
5217664554,mktsn
5217758284,gsqzn
5218994236,zkcxd
5221548700,vhtmb
5221559682,fhbxa
5223157365,ibkba
5224230896,ceusm
5224656460,anilf
5230891578,brehn
5232021331,mhhrn
5233032680,hrefa
5234177295,mfxts
5238224316,pftbr
5239581789,sqnuz
5239733567,fsbao
5242311923,ejftq
5245164317,wilgv
5245255818,xxnhl
5246347319,kvpjx
5250016325,ulvfb
5251475067,ksaks
5254843144,jxyji
5255743164,vsfwp
5259519903,odwda
5261459635,goxnx
5266794318,qqjui
5270543270,jfyqd
5270786805,xwaly
5272591039,chage
5272922288,lchps
5273230236,zopop
5276196940,qvlzv
5279686464,vkxde
5281322932,ergsi
5282312778,jvjfd
5282810476,tybdg
5282852431,mdzjs
5285401952,ecxkg
5285516354,cvtsc
5285701608,lylbs
5295711793,gbnwt
5296485483,fjowd
5296804776,emsnv
5300823570,rfikd
5303287142,enqnp
5303322197,rhidw
5303554239,orcht
5303860681,uorqo
5304110554,uafgr
5306605983,pjdqc
5308375788,qpkke
5308702455,mchyq
5310351183,outoe
5310562617,lvslz
5311242319,xilal
5311695891,wezjk
5311964447,sdpgb
5313463824,apwwq
5316569308,kaire
5320175310,fiwhf
5321012181,hjdqv
5322241120,kpuew
5322433027,rmezt
5322898802,kkbtb
5324119485,lfdgb
5325243686,usywb
5327332820,vcahe
5328523177,azwey
5328647374,gngnf
5329849584,onpet
5330876643,valty
5333948663,ematg
5334931254,bbect
5337031835,mymbd
5339931603,hovbx
5339994207,tilhe
5340585040,aqlcp
5340671415,ydxko
5341074785,utois
5342858950,xywea
5349581846,cbhfg
5349636318,bbumb
5352004611,thsly
5352582781,dyadx
5352963900,mlxuy
5353362689,tecso
5356011646,rgkyv
5356056162,girxe
5358134348,zcfwt
5358684050,ijrkk
5362466718,krcuy
5365448243,xzxbv
5367677293,ixqrl
5368981461,lgxwt
5371085115,tytsc
5371236957,elmcs
5372373413,vlvxk
5375637295,bjddu
5375732811,hvjfx
5376490314,ttjaz
5377043741,mbomo
5377454075,mnrxn
5377469156,gdsfo
5380237787,ivzne
5380413817,xhiwi
5381295239,zicdc
5386151721,mllib
5387954252,ljghk
5388435419,tlyjz
5390196607,vjynl
5391046163,cnuvu
5392553752,rsfod
5399593250,jpkuu
5401117632,rulgd
5405506538,fegyg
5407458870,bwfdh
5410247168,rmpri
5415475205,jvsee
5417575766,vxtax
5418622088,pdhwu
5419550334,lkwzq
5422066161,gjjvo
5424984468,pgcjo
5425072137,stkxh
5426301188,vngym
5426812481,jkvde
5427051305,elynz
5428296486,gmzdn
5430985990,rtxyk
5431512110,gjgqt
5431549119,lctqc
5437222663,evvng
5440098838,pxsrv
5440281307,femxs
5443949143,azdyp
5446163398,lrbqk
5449104626,nwvmx
5450488054,miwvl
5451156056,odgtf
5452908456,khapa
5454172044,suvru
5456534585,xasaj
5456715874,mnalj
5459711734,fgntc
5464457258,srxys
5465081831,fkkze
5469877670,nolgd
5470922920,fzzuc
5472518776,ayyww
5475546635,marjy
5477312859,gqlcx
5478829332,omxbr
5485578656,frgrf
5485953958,vqrwa
5486745383,rpfww
5488066745,fbuew
5488882134,dcdek
5489751944,vpcxy
5495949746,hgtbk
5496281275,kzlkf
5496593115,bfxxe
5496963017,esxmv
5498012493,tohdk
5498746516,kelkg
5501180557,jsvpb
5501919489,idkvf
5503209931,bhduh
5503411723,cshom
5504568400,csipz
5508092540,hvalo
5508559635,uynxq
5510404595,durkb
5510485881,hqjop
5510508018,gnzgs
5512902490,sswrw
5512922943,akuqt
5513072173,xbsbr
5515036752,xrdeb
5516298297,hmezs
5517165329,xtjci
5518485330,yooax
5520825358,wxgyo
5523447538,dnsqe
5523656802,qdzzh
5523680156,qfozw
5526302312,vxboa
5527311566,mskmr
5528019258,ftilp
5528326456,ashrd
5528949371,qvmce
5529640340,ozudd
5532498219,bywuz
5535112444,trtye
5535564304,sycbz
5537021925,zeroz
5537566578,etrbj
5537642347,avykq
5545107594,vncvu
5546169788,zojvb
5547551238,prhwx
5548531741,iflov
5550539935,uqvml
5560601444,ilwxy
5562478870,hocqb
5564196183,ntddt
5566735186,desih
5567014901,nourm
5567736382,alqhl
5568847870,xfpvo
5569893678,intfo
5570977123,mzakc
5573974179,lwrry
5574539843,nyrnk
5575278711,fbrmr
5576192172,jzlxf
5586582279,kqzpv
5586597297,luler
5587521054,huoxl
5588701894,bqcxe
5591606874,tuvxp
5596840713,cltve
5597702541,zizej
5604073814,usvrf
5611944656,fgbuv
5612683043,dhzyk
5615961811,rwzhe
5616341281,bskov
5617788809,fpfie
5618451360,njxth
5619977893,ckpaw
5620255056,rvfhr
5620347220,rtskp
5620912661,oyxug
5621945783,edjdw
5622333327,mgayt
5626070989,mniyg
5626635396,bccuy
5627179694,zlvhs
5634714272,nlbcu
5637477055,iivob
5637571900,tvahp
5638872853,eztyv
5646829541,jgynz
5649115023,yoxmh
5651942080,oddpf
5653983895,ktdkm
5657285182,imjmi
5658976100,ottlq
5664151066,azhby
5669976070,xeggw
5671028749,iklvd
5672197848,kabzd
5673496262,cpofj
5673735601,nfcwl
5674438369,ykpgt
5675624007,nbpzr
5677116496,mpcky
5677184869,kvjyb
5679302649,lycgf
5680789717,iuwpi
5683111418,ykysj
5688374060,qkltg
5688567650,lvylm
5689989227,erdxj
5691368976,amlbd
5692163216,swkwm
5692397157,uuamx
5695672922,gctac
5695971005,buhmf
5696677837,pscpr
5700370081,mrkxm
5702280910,yneve
5703172921,kdkqy
5703699351,vmepm
5706607570,ysofz
5708862171,bvgvh
5710889516,qqnes
5712313009,cjvvp
5713656795,umnkd
5714486524,vcalq
5715103698,kbqwb
5719407410,eueuu
5720752327,xyrjs
5724424919,ycjhz
5724591300,dgvlv
5726332271,xlayd
5726894152,skxku
5729043087,cvjtl
5729196549,depli
5731987706,zmegk
5734582602,xvypv
5742497368,ohuad
5743574346,mwcup
5745480650,meodi
5749191897,zupuy
5750581435,mlssw
5755328574,cbdnc
5756528437,jixzk
5759828038,vwtag
5760060044,yqkqv
5762449610,logvh
5763136011,nugay
5764435879,wjptc
5765614859,nflxv
5769654762,zrdai
5769957657,mjghj
5770104306,drftj
5771028663,gmvcq
5773047921,hzqqi
5773099192,tgjmm
5773854411,aerea
5776649392,bskqs
5777969981,ggksy
5778439784,crpvg
5779579214,abkpf
5780609194,ziefi
5781368550,bckct
5784093192,zjqct
5786207729,npsoi
5786511384,iqhnj
5786924116,gdxma
5787971866,adfhk
5800168874,zjisb
5800727087,socvs
5804996255,rwzbc
5810291731,mybnt
5810295535,zxeuw
5812083904,ajlxu
5812188874,uaqpw
5813654093,auwrg
5817185811,dikqy
5817591769,zsnby
5819266510,alnbc
5820211825,pdaxr
5823649839,fntpf
5824611571,cnhlx
5825328459,wyhpn
5826127297,tjuhw
5826558780,zyvbp
5826949690,awepg
5826968891,mbidg
5827387944,jytxt
5827397094,lvabj
5828131510,ahgmg
5828364680,zhggr
5833454907,msvsc
5839328326,txjxq
5839710238,zbpbs
5841614338,kydsg
5842970770,wwmoh
5844823348,onpvg
5846720830,asnso
5847002117,cmerh
5849193890,jlxqb
5849625877,lkgsx
5851199242,jtbud
5859950000,btedn
5861201086,yciri
5863580274,qltyb
5864731059,fpylw
5867292422,xbsey
5869004725,qxfuy
5869415086,pbmdj
5870086305,wywig
5870557438,gkgnn
5872619124,iwonh
5872663685,misth
5872683985,bbtqt
5874983290,sbitt
5876525238,lantb
5878603798,dcoxs
5879125273,fmtea
5880593535,unqwq
5882259137,uszyx
5882493323,moyjt
5882667133,bjvto
5884509430,ahntl
5886460835,oolpn
5888526653,aqgcz
5889556608,uddrg
5892535782,lhptn
5900790827,mzhgm
5901113455,ytnkx
5905231509,jbniu
5910264951,tafuo
5913658531,qyzpa
5915474083,rpnjx
5919590614,dtxse
5922258610,gslky
5926703195,dvteg
5930950919,dirsh
5935168537,zozpq
5937354272,kbnnb
5938348788,mcgat
5942419400,benip
5944481114,qfwva
5944485306,hnfrl
5953277033,kasvv
5953377476,xnndm
5957982529,issrv
5958440276,hertd
5958888300,qxxvb
5961421342,hxrvt
5963227200,mgsnw
5966105074,tawnu
5966186545,sypkt
5968718420,sbavk
5969703230,qlqfv
5970265912,rgfme
5970469926,ervyb
5971456843,vvhsz
5972239021,jevwj
5977456843,impcg
5979199867,gmjem
5981991749,tvtqb
5982112777,nrups
5984511788,yulhb
5991672276,yfjyq
5992268698,zdqrb
5994522201,brixi
5995172563,sxgxf
5996960649,ohbog
5997217608,fwdmz
6000150135,smqst
6000359173,xvbud
6005231731,ywwiu
6005531181,chftr
6007303739,ijkzm
6007556779,srnbv
6007783380,tufpt
6007887546,rktld
6008431629,evrub
6012382831,rvpwn
6012683994,dyqao
6014759208,lfqbx
6014954502,pcvjy
6017282664,plyen
6019142245,yyfny
6019263819,ewqmy
6019742165,opvkn
6026001352,nnbel
6026424286,jxnar
6029431067,rlssv
6032499653,nkwiz
6033496095,tbrpm
6035040692,agcpu
6035184707,agwhq
6037904783,klggi
6038679860,nqtca
6039973529,hezfa
6041531036,mwgae
6043364565,svcyp
6046209368,xsxdn
6048262324,xayqy
6055170556,ajtem
6057560253,wlxty
6057765173,qhbhg
6057809847,gvliv
6058062867,aubvj
6063462362,pcopw
6064414795,qsxjz
6067958298,djhxf
6076849118,uzwuy
6085096934,htruw
6085581678,djuyh
6085989249,whnju
6088752501,rvjwj
6089225045,xuxew
6090078366,yvflk
6091909711,unrvs
6095536185,kyyvk
6096353919,xhpal
6097497827,wnhkz
6099237204,lxoqq
6100425722,wrduu
6100700226,lsnnr
6100816576,yaizl
6100898230,ioyta
6101535766,vlfre
6101639563,xhhrk
6104939234,szirn
6105265071,vatrj
6105866975,dykdk
6106706787,jrxhm
6114421751,waqzv
6117934123,ophcu
6118223347,ylwhv
6119021263,yfhhk
6127733616,bkvje
6129268737,znepi
6130004995,idzgt
6130956629,ertus
6131703963,xvdpv
6133815868,ruqnm
6134943294,ezdiq
6141240495,newoc
6141891355,ztpvv
6146873909,rjujf
6147221411,lhwsp
6148892315,mxcwj
6150122940,sdpmz
6152331057,fflvv
6152397452,cosbm
6152884734,merig
6154049415,jepij
6156804234,xxxpg
6158323656,pyhru
6159246141,xcatp
6160893687,aiqst
6162073199,hobdf
6162105006,wdrsi
6162451239,mfamw
6168890345,lqhzj
6171954300,yosdx
6174634767,uafsw
6175283725,yttft
6179869779,sxugt
6180726252,zajnr
6183170871,hdwrh
6185541070,kbtmj
6186048672,wngmv
6187634913,ekfzk
6189283070,cmemh
6190358671,vhokz
6190870569,yqhnz
6191178269,oblld
6195514921,doykq
6197556024,rnyeu
6204069963,ffshk
6204291724,bycqf
6205471205,uwojx
6205897948,dksed
6206734251,obzff
6207248639,qkvdn
6209727135,hyway
6212346110,uclkb
6213175989,afzty
6213350865,rgwit
6219629978,twwwv
6219775428,keejr
6220965245,dtsmi
6222532684,tebuk
6226168179,unshi
6230251687,tnuqs
6234957968,lyarm
6235023681,rqxkf
6242851759,ejgwv
6247980711,qaely
6250793756,ooogb
6256980821,yabvr
6258048160,ijwun
6262768037,mwtxy
6263256795,oolyo
6263395407,eeytu
6264146933,nswmw
6266058131,eddxy
6266239380,waowf
6267590514,ifdya
6268001425,qhmvd
6268578700,pcxud
6271249847,kalwc
6274011831,ajswa
6275568246,xktrq
6277023496,kheli
6277371507,btuxd
6278455231,ovivr
6283432737,bcdsp
6284943019,fawsx
6287735903,kmwor
6288073836,tjqpy
6289345758,uhihz
6290324263,rwjkb
6292550022,rtxgy
6294201977,lygda
6299115719,jzbmv
6300592305,dkjev
6302640270,uiixh
6306575063,xkvsf
6307489663,jwthj
6308043394,uqurl
6308321363,wpplf
6309512538,ysgzk
6310628715,eivfh
6314277300,wwowb
6321701450,zpyqe
6326728362,tljbk
6327128302,kfjzx
6327350122,pfmyk
6330449267,ebemn
6331921277,clvpx
6332830038,fxcba
6332928717,tghuv
6335109130,gaydn
6335996991,rquqg
6338729814,efmbw
6341134374,ihvbi
6341383643,zydjg
6348756682,ttuxe
6354144094,yezhw
6358823863,ztlls
6358936918,qshwf
6359169508,hcdlg
6359905119,hnyok
6363370173,gjezh
6364436837,wheti
6367037297,pexlv
6367430950,coizo
6368233953,bpmms
6375862754,wjczd
6377311692,qzfnq
6377752454,qtrja
6377779360,uknfz
6378029149,osbtc
6378995682,rzcuf
6379223802,untll
6380850499,jfhwo
6384613360,xlese
6385957294,uaqve
6388096584,wqqyj
6390357291,ffmfg
6390771482,rfjrq
6393585025,entqd
6394835797,znepd
6397920104,aqtun
6399801603,behia
6400373003,uzagy
6400407097,nfzez
6402746070,qmwea
6403741258,fzsla
6404192110,rsrsk
6404535439,laxun
6405460443,odaxd
6406187532,kvmww
6406816494,xpldr
6409646822,pwnph
6413439983,hwjen
6416259864,ahqgz
6416553402,odzpo
6418884533,homoq
6420212762,wqcfh
6420358807,htsau
6423128422,gxyel
6428230472,fsjwd
6434669783,stccj
6435134079,yifos
6437796136,cvpji
6438340883,sverq
6439565168,hviej
6441825511,swkcp
6442861374,xszbe
6444654797,hfvqr
6444803804,rtpcv
6445441899,fophz
6446598886,diytc
6452975591,famrj
6455520093,bxcuw
6456012333,mxzlt
6458693749,vkmsy
6462263200,dpfzs
6462683942,pqkbf
6466874172,emhcq
6471856001,xljcj
6473559355,iphcg
6476804331,xksej
6479416522,fzmxf
6480010400,bhgud
6481322067,macvv
6482903581,fqekv
6485047522,jnjtq
6485867958,lrzsu
6488980055,zlbib
6490922737,ktzbv
6496163489,kerae
6497051381,snzza
6500728293,xpqvx
6501134128,dlhct
6503416843,ikogy
6505136525,ftlun
6509100232,yswjt
6510431752,lkwok
6514555875,xeyvz
6515177955,rxxkn
6515813164,clmsw
6517195571,twwyz
6517203825,hkpdr
6520221058,tlzuo
6522051594,pgqxy
6523565384,cnjug
6525571271,fijre
6527010904,crwsh
6527156738,zghlm
6527503324,odfyd
6527789598,lsnus
6528926338,amuei
6530870756,fugeo
6531690800,wmkkp
6535586560,sycii
6536178841,azyxr
6536803066,rejhp
6536945958,jhchp
6538317780,oqfyh
6545087905,vxlhm
6545444235,svixk
6545909104,gcuns
6549134169,yvvtn
6549430915,jjycv
6549701605,zdlva
6551399342,loufe
6552193331,yevgk
6552227668,guonu
6555531967,ffxtq
6557377684,esuoy
6562380045,lwaal
6564052292,ufdqz
6566375675,xalei
6568395866,jobkt
6569352713,huzgu
6570984421,mpayf
6572122908,qcsqa
6573105346,gvgsf
6573549878,otxkm
6575026497,yefhc
6579453946,ypbaj
6582726890,gbfhh
6583171753,jbjoa
6584418947,gwdbt
6585481408,tzgyi
6587341811,bnool
6588266496,gezse
6588545853,kjtbn
6589254650,kugfn
6591114772,bqawo
6593491829,dbmul
6594276875,ngqth
6595154823,oepht
6596275456,gxvvr
6597502651,ozybd
6606055324,ynavu
6606919727,xnkgo
6611905279,ktgyg
6614281149,djfar
6615346219,ovbgv
6615445686,adgmi
6617982498,uyipf
6620887232,rcfpf
6620919072,gpnfg
6620939950,hhqgy
6621028233,mocxd
6624715327,zknua
6627813485,fkypf
6628753098,tsvfr
6629737209,oiljd
6630862628,szbnp
6632451476,lendc
6633943719,ytaxt
6634508899,lacrp
6636909278,aagft
6637745533,xfdki
6638281859,smgra
6640850310,xvyjb
6642182870,hprid
6644603696,ufhno
6645322531,hqvyu
6649679537,smowo
6651473393,etiwl
6651784875,jzgwq
6651965979,cpfue
6653003415,hvkjd
6653008077,vfebt
6655362241,nohvo
6655749488,ancoh
6658088768,yrdca
6658249925,huzhs
6659012413,pysdk
6659195005,jniea
6660159229,rtoso
6661172280,bcnkz
6662040361,xxgug
6663146328,qosbs
6664133252,bkxjf
6664539741,qmnrn
6666929715,jtptg
6667117878,upzji
6669863269,hsudz
6674052857,jplwp
6674818606,rzsbm
6675432023,dndwh
6681171347,ahhxk
6682164850,hplsu
6683529782,vwtcn
6688380208,qacja
6693679388,pbkpi
6693911204,vtikh
6695055081,uhkty
6695515473,rzkvw
6695917348,bfnrz
6695930477,vnpjm
6695997205,aoecf
6696723685,mkcjp
6696799066,vjfrr
6697824933,oftqi
6698110303,bmwxs
6699448116,ofaee
6699571384,dfetb
6700748602,qekab
6701911579,wcpfj
6703319571,uodou
6705404407,dqkhe
6710202391,noynr
6711113874,ofskl
6715583515,mrzrv
6717620477,arsza
6718325366,rljvo
6720685340,qfnja
6724813261,aqdol
6727679820,uwhfc
6728985717,lugek
6729056085,nzogo
6731763755,cxuom
6735674826,fxdoi
6737814587,agxcu
6737843624,ogehg
6738108057,fidat
6738361832,ztkps
6746112189,qiten
6749605688,zlvjc
6749858454,myfih
6750381084,qvvaw
6750436591,nupag
6751974316,fmeye
6753534179,pavpi
6753643789,sblmi
6753740058,ntbew
6754247218,pfbpd
6754966751,unwmb
6755496772,hqpiv
6756967150,kgypd
6758642616,kjpdn
6765589157,ehyau
6766871957,qoafj
6768265118,ahsme
6768265504,lmzey
6770497976,bbmjp
6772552015,pkkjy
6773757874,atgwi
6778493393,yiekt
6778939052,kdveh
6779078017,zkzdw
6779321124,ohjio
6780215231,zogft
6784891759,jhflu
6785974203,vtgao
6786022944,qxmfc
6786673829,srxvr
6787594719,wwyfv
6788618935,gylxg
6791709599,xfcez
6791914883,wlren
6793052455,vmlxv
6796505296,pyjwr
6796743864,hdvmi
6799242344,dqaha
6800731393,prsqz
6801585054,uswuv
6803296474,bguwm
6803581839,weysy
6804560789,fovue
6805976098,xeifk
6806312076,kdiyp
6807224718,owrjz
6809046838,ennid
6810004436,dedfp
6811220844,vuqah
6813505450,zvutp
6813752232,iqcrx
6815138590,bdbpx
6815683638,hjsvu
6816472484,frgtq
6818762931,jpkfj
6822402614,bawyt
6823276219,dtgll
6827629281,mlylg
6829123052,nqeqi
6830014240,jjvrr
6830781996,wrtyd
6835996382,wnadr
6837295052,zbzux
6841026332,lihzz
6841902932,trjjq
6846146804,bwhcx
6847428046,dsqzk
6849233287,kyofp
6850666451,pebjo
6853497699,mosej
6855609980,cdfti
6856444025,jxfbi
6856521706,ahbix
6857677950,mqlwm
6862916524,fkbug
6863357280,mblru
6866094494,zoasa
6872350038,ghvdd
6874654958,mtboo
6874870256,pdrfz
6875940187,hvkau
6875994968,delwb
6878444649,gjvws
6885139336,uvrxy
6891028533,xbfct
6893073137,gqwbd
6894852808,pcbiv
6896624609,wvmzj
6897442954,rvxof
6902691543,nlweg
6905020733,oylxe
6905401402,rdtod
6909517417,uyyzy
6913735979,tbwhe
6914231053,dusvj
6914903753,pjzrb
6916804812,tzark
6918733885,ehddu
6920425390,rqdgx
6921585765,cyymq
6923548063,fnsdw
6924067107,pvxmb
6926552886,xqetr
6927044466,kwion
6932008422,ozlel
6933242557,dgdtx
6933607512,egduv
6936980801,bzsnw
6940172324,adwnj
6941589895,xjuzs
6944171015,kqtog
6951442916,ddmob
6951801689,ycfbc
6954146852,fggqv
6955339864,ktoaz
6955512527,izzcv
6957911100,npiqp
6958701558,xdcoo
6959056186,xdjmh
6959106796,ivkqr
6962756292,ultel
6963043213,gcbre
6964747035,muwmc
6964877678,jhvdw
6965915786,uqmtd
6970996782,vrdak
6972703801,qinou
6976731835,buiwi
6977686096,nfupe
6978951557,ohuyn
6983673800,xgkax
6986114108,ueqnt
6991102095,wnqmp
6994905847,memki
6997388153,jfctt
6997838561,nibei
6998146738,ejmtf
7003963295,pawwh
7004111754,phrwt
7004220531,plfgx
7004573750,cnthe
7008453747,ozzdk
7011388541,sshrl
7012508489,rmuxn
7014252087,unzmi
7017300763,nsnnc
7018759567,eillf
7019100042,rdlqa
7026231943,ppmsi
7027272140,layxi
7028489591,lgohr
7032268856,njoru
7032466147,skpme
7034961755,isqpg
7036191719,xkeit
7037111444,kzrdx
7038169117,hpezp
7038380637,bvgjq
7038840549,zqgfl
7040162728,ilaxr
7041405576,tsfkv
7043918857,ycnmj
7048138946,mxnqh
7049834173,zbhae
7052167462,vnfiz
7053500472,puqxv
7058180633,wymrj
7059209526,pxosg
7061295761,szled
7063683987,svgvt
7064660881,tupgp
7067007009,pczvh
7070762593,exdbr
7071141353,abjdo
7071487851,rdyue
7072708575,ffpsx
7073219363,cmmhn
7073973144,rtfsx
7074614789,nyfkr
7079934557,vnktd
7081086419,ndzkt
7081785815,eqihn
7082186532,cynty
7084216531,qmdnh
7085021359,qvgul
7086447365,wrgjv
7087705997,mubex
7090740921,elvlm
7091245262,kdvgl
7094189873,onbff
7096149415,jhunv
7097216281,gjmne
7097878033,gdjwk
7102305597,tmobh
7102545308,cmnhv
7102876646,xunas
7103824201,yejfn
7109001968,rchct
7111347540,fpzef
7113645628,evpzc
7114656324,yjmht
7115296779,zqhtk
7115411636,mgenp
7117428281,uqozn
7117951196,zfuux
7121575160,orzzb
7124746873,adorp
7125413413,lwuya
7129239000,sjqds
7129289980,bsvzb
7130207405,jbbeb
7131391572,lsztk
7133292817,quffk
7139114858,nctat
7141512705,blbxr
7143871605,njdmf
7148729284,zokyz
7150341069,hvdae
7156030769,bxygm
7157134616,ebeae
7158070851,xtxxk
7164492522,yvejt
7166051951,xbxxc
7171067778,djwuy
7174819291,zjhbv
7175067716,jwgzw
7175409095,vrnji
7175906977,kntgz
7176283365,oblrr
7182429034,bizry
7187346850,xvtvi
7187401818,bvpxq
7190936341,dvmjk
7193707734,cphtt
7194859484,mwrsb
7195586954,plnae
7200883623,iqcqa
7205531546,esobu
7206696243,bkygr
7207596308,gorgn
7208772710,leiql
7209454161,alsyx
7209851675,hsfpy
7210440399,cwpdd
7211884760,jolbg
7219756688,oqflu
7221223058,njpdi
7221500541,epbvw
7221970952,kzkyc
7223937109,jgyrm
7226105815,umhtd
7227285869,khhus
7227677191,docjt
7230456440,irqoe
7230666431,smjwc
7231422765,ijnsg
7232854208,fkrjl
7234128038,vsudn
7237181968,gibcv
7240131861,fclmi
7240857216,ejdoc
7241387223,qvyqo
7249866682,wyhga
7251409123,jkoop
7252281198,fgruf
7252559796,mnfig
7254653374,bxvsa
7255384397,sevyg
7256067454,bgeii
7258726168,orqly
7261951100,yexfc
7264026343,avbvy
7264701463,nsvtz
7269398969,gwnxg
7269836044,eziik
7269981801,dnehu
7270160199,nejdt
7270204413,pcbyc
7271197823,odjsv
7280074726,kewhn
7281239129,ygscz
7287716358,cavrd
7296425542,ahiwu
7300090199,zqqpu
7303375222,sbikk
7307062357,ntgzx
7307724144,idfky
7309661252,bmoqt
7310153179,opfoa
7315146818,qawbc
7316031493,fhdtd
7318091402,knpnh
7319348197,ptefd
7319762664,xbfyt
7319793757,ewezp
7321304652,arpxt
7326705509,ogxka
7329289372,alnbp
7329367092,emtxv
7329450146,cczuc
7329894777,skaif
7332218251,bblpf
7332570017,dzeyo
7333419922,drfgw
7334106486,qzwlf
7334332888,xehdn
7334476636,sdwsp
7335770454,dwrjh
7337044046,mpfho
7338989051,pinip
7340338218,guqby
7340612290,itxeo
7341956651,qvugq
7344204885,qymlt
7345034217,yqdvs
7347006684,jpqlp
7347487167,zsofi
7348129534,krlma
7350432709,zmlgs
7350930526,nlsev
7353129624,xgutx
7357108337,atqjy
7357501655,jbpjv
7359794526,ofuzk
7361836894,rimee
7366282348,ncqow
7369140645,wuudj
7375932547,iuswl
7377103441,jkfsc
7379689066,wblyb
7380162609,bsbbn
7381151805,vfeep
7381948303,bljjd
7382319964,qysgn
7383808989,lsqci
7386602036,framu
7388467198,amxvf
7391261993,unevn
7392274791,ivfvh
7392961578,himbh
7393778259,tbpal
7393798861,hsglc
7395234716,mykpk
7398294269,piqlv
7399458144,vlnzi
7402720250,nvtfr
7403387339,gnssq
7403571894,uivtt
7403614271,xwrcl
7414523694,ylrus
7417398071,vhdyo
7419381558,vqlot
7419500045,pzazi
7419515200,rtugs
7421071660,cjuxx
7421197024,wngei
7428330071,ipplp
7429018066,nhazb
7429250266,jtvus
7431795487,qaavp
7433247674,xkkjh
7433712371,zslwq
7439650410,ehcyj
7442354279,dmifj
7448296063,toety
7453621577,ducpq
7453761755,kqbpl
7454296510,qfive
7454509322,pnpqe
7454950478,fwfxn
7456001544,ocadp
7457348154,glyvp
7460380987,sijmh
7460914082,ptzql
7461601520,kvinp
7464536961,yjpen
7464622784,vohsg
7464958180,eykgr
7466106625,upnfj
7467913784,dpfnb
7468817401,awmpy
7470112503,obpnh
7471443479,vtare
7471507206,tcsle
7471789286,gljyt
7473166367,pvbfd
7473348534,pkrxx
7474026333,ynocl
7475494456,xmstc
7479102436,sjtpg
7479275555,xttza
7481283645,kgflz
7481771130,ihyag
7481907884,lljpb
7485198241,ajbrr
7487187871,rssld
7490453771,menpw
7494081188,sqvks
7499704687,oyrre
7502034657,lxqay
7503686294,btnfz
7505442549,olquw
7506837235,nlrag
7507322810,wsqrx
7507916756,eedjo
7508241864,igkak
7508270489,elisz
7508723986,hztpv
7508736943,vbgwf
7511037691,qysqw
7511500834,wvbax
7512848095,bhwif
7512929604,ptapz
7513235183,bbjoz
7517584408,qgwia
7522021239,zswpm
7526287944,kymyt
7529847178,lyezp
7530185578,jfypc
7533915852,jnflq
7534818474,txwau
7535156897,qsmwc
7538049993,sgbvs
7539122299,abiat
7539583696,auelc
7541466020,ezriw
7542152744,ielna
7542214881,ghshl
7547505147,pqvaw
7548150656,kgyys
7549282832,xmfzo
7549774278,ksjuy
7552244446,bkjhg
7560266039,mjrlv
7563082575,mkrgn
7564163519,dxdgj
7566319574,ldxic
7568834222,mrfox
7573567079,ftrgf
7573974961,kvuyz
7581206304,hjbpb
7583143585,kopoj
7584055290,bwtak
7589545186,kzgoy
7590101456,cokun
7590372247,hbvoo
7591885053,dimge
7592016659,yzmpq
7599443283,mdhfz
7599836595,nedtx
7599927808,rxssi
7600360355,lrnsb
7608579154,dyfuk
7609269548,trkgc
7609823214,mhbiu
7611751341,qyumn
7612191662,oexse
7614227870,futza
7614234203,qnrea
7614922539,kapve
7616198735,mrstl
7617002096,wicyj
7617625748,ubrqv
7618046109,ytmrj
7619018062,qanmp
7619361162,ehxpq
7620014147,kbvvj
7620440751,iekml
7621694686,eapox
7625413616,azxke
7626521823,lqmsk
7628338929,wtpzv
7628917706,nylbo
7629563150,rbfck
7630869889,atjix
7634948885,eacvz
7635369895,yaxma
7635451696,uzdzr
7635885189,whcfb
7637119019,dvzge
7637228877,mjoot
7637344196,sbqxz
7637880223,yllmb
7638931060,vynvx
7640707235,yrayr
7641809398,xceni
7642436166,gxvmm
7642492002,ylzbo
7645599593,gpsrd
7646932044,fuxjo
7648621233,nlklj
7649294788,vtekl
7652691663,dezsk
7652981128,qkvus
7654757600,otkni
7663608167,ugluk
7667311182,ajsmd
7670957664,dndsq
7673658257,dxrok
7674657061,qongd
7675408315,ybjkw
7676198034,uwupv
7676929723,rupnq
7679185930,danfh
7679637267,bodeq
7679666976,tiigf
7680080026,hkogv
7681367954,hvkqa
7682191274,ccnkg
7684026636,syktj
7690985086,njpqz
7691473709,dlvqh
7691932521,qblxd
7693847351,vihdj
7699365382,vintm
7699626272,ezngl
7700101662,whcqk
7702897648,mmgll
7703973565,tzjhr
7704453718,pqxgn
7707219061,acfak
7710223964,szdqu
7711023788,bxquf
7711912003,jildl
7712790156,tvlvx
7713258336,sxmie
7717718894,gdyya
7721543138,grghn
7722253669,srath
7726086218,vdltc
7727311260,hwotk
7731662606,zxrkc
7735414279,sqixw
7736474366,vdewy
7739393097,njitv
7742747468,rnbhu
7745138895,fkhaf
7745875323,zagmy
7745935483,ssnuy
7750271935,qauun
7750627055,pxluo
7751378697,gxsex
7751970281,urzfi
7752331478,zdqkq
7754051875,iesbh
7759015693,byuzb
7761864325,ogent
7762658558,etvcw
7762723861,ylizq
7762769355,agtjk
7762838817,jawgf
7765793439,ydcqn
7765933517,arhft
7765936062,shkdv
7769414297,ofofz
7779622910,hkavu
7781999774,ahrps
7782360633,garxd
7783244642,ylndo
7785115120,etlsg
7789417595,bluko
7790490023,ptyst
7791313334,dkcmk
7792129125,phywx
7795426757,lgzfh
7797346783,foidv
7797377347,fzrvs
7798936116,zjxhu
7799003165,xuulg
7801219418,ozqae
7801336239,mcqyi
7801767222,kjawc
7802204380,oxied
7803255850,suolq
7804601366,nudeu
7807439428,djrgd
7810740896,dqtsh
7818174232,bvaih
7822559952,uabgv
7823692166,dedai
7826414498,alpee
7826656214,zobrd
7826850547,sijhr
7828281150,utjzj
7829107989,jouck
7830333423,phmha
7831764408,wqbxl
7833152926,umeyu
7836100819,sykyc
7838746109,jgsbq
7838798932,ezqos
7840842243,mstcz
7843319089,qxdrt
7845627203,ksxzk
7846096191,shtzh
7848673700,gopoh
7849016889,lkgjf
7849927060,ithmr
7853537435,jhydo
7855913766,aqzat
7857749282,ujkis
7858040173,irmnp
7859868367,pvorh
7862340660,nvnbv
7863767802,wlzbr
7868023152,kekhs
7868300109,saltu
7870059068,scnbm
7870967634,qbipo
7872570433,axwdf
7874482907,lpxpv
7875604342,pxylj
7875606586,tlrhf
7875978610,yhrzr
7877369906,qrkmh
7878858148,nnchb
7881353465,sspst
7881813600,ogczz
7884719079,geyjm
7889599910,nfvei
7890537797,ecmig
7891101740,hwjoc
7892236976,myeys
7895097042,cejts
7896072311,bkxpu
7897079298,qkdvh
7897421653,yzlmn
7898262049,enuvz
7900441314,flrbb
7900608371,zsaqm
7900861715,shhgl
7902437769,byepr
7904319768,yhypy
7904718416,nllzr
7907578160,xlhic
7908313067,nprhn
7908673490,ugwjp
7912346364,irjii
7914046626,itlcc
7915722527,uwyoa
7916566583,fdoeb
7917259568,ctgey
7917879011,wwhns
7920559189,pjagw
7923088763,nwdun
7923858929,ujoqv
7927262512,cphdh
7927903004,dwveo
7927972323,pfgyd
7928137827,ifkum
7928276949,yczed
7932109347,ztnxk
7932826073,lravw
7936615554,xcsrj
7936650828,oorcg
7936882366,ptnpi
7939826256,sgwnt
7941251977,lfdjl
7942339255,xierk
7942688782,pztsx
7945407115,pvssm
7945619288,wlvnm
7953192118,hfdqt
7953938169,rgtrx
7954034089,jzchs
7956077716,yoioo
7956725189,mysji
7959035961,nxzgw
7962190258,ystji
7962577156,qisbr
7969506954,aluhy
7969907447,usnzu
7973860914,jzxtv
7976370223,ciqkh
7976810125,vpdod
7981561547,mojci
7986924880,upifj
7988322811,bfcfa
7990850400,dzqli
7991322331,puwji
7991594715,jipic
7991687553,awlpt
7991857690,ccygz
7993922477,yelzu
7996267817,xwurq
7996495014,tclnq
7996498006,ujvpq
7996746205,wejme
7998893309,cdscw
8000077918,hnvur
8003700305,qfmzm
8005402817,dxxoz
8006524490,bcqlh
8006675233,doxpo
8007209857,pfgda
8008202936,qcrzi
8008359065,hnugq
8014228078,jchlp
8018278656,araux
8019279822,rlief
8020642158,kencl
8022171758,hfcog
8022354640,ioxkk
8022870506,whvxj
8023043572,nnomg
8024132739,axtra
8025466195,edjcy
8025523971,gpjvj
8026936864,saglg
8030725285,vdxlr
8031786106,vywlv
8038684228,mlgay
8038762699,xcxsi
8038927370,kqyat
8045124931,xrmpt
8046337451,ahszf
8047172683,xprmj
8047874132,xsqqi
8050684789,jiihg
8050744903,dhtfz
8052441208,ioycd
8053606723,hmpvw
8054588906,ekndd
8054972644,usqll
8056532926,xxnpo
8057731141,qnfpo
8058846925,tlefz
8058874341,koyrr
8060498700,nequy
8062011133,judvw
8066338486,zsgkp
8071597774,herjd
8072890066,aksma
8073895222,xfvzb
8075008608,shxzm
8075755593,wbsdy
8076437500,qkbur
8076751959,cdmvu
8078648677,pzwms
8079714796,ilxqo
8079849169,wksew
8079880960,palss
8082823177,lcnqx
8084768644,xnozw
8084995603,kbyiz
8087572243,xsyzz
8092087336,qqltm
8096046833,nzikj
8096111458,jlihc
8097087870,scpjb
8098225340,tuiif
8101871930,tzxkd
8102363668,uynfr
8110803743,bcajx
8112248803,nytbx
8116120774,sznnu
8117360240,agusy
8123584537,ztfij
8125318676,hpxmk
8127028749,aizwb
8129783294,xgued
8131489096,bktfn
8131625735,dbpcc
8132176527,axswc
8137548387,mzszb
8138764922,zdcrq
8141036767,yqgyn
8141069625,ozzch
8141158515,kjyld
8146828865,ekgtk
8148783805,lkfie
8150052882,elxdj
8151872338,hlgpe
8153096886,trjbi
8157974491,qnfbd
8158286820,arago
8161866641,uimgd
8162699811,zvnls
8162807944,ryhur
8164262400,yvzkx
8164792048,nlivg
8169683034,ztdzx
8171431994,eeukn
8172447142,mnlsu
8172586336,nlygl
8177637167,rlaqp
8179566729,uavhf
8179904727,bgyxa
8180738488,ubvxu
8182828550,vrdtw
8183253031,ycysd
8183372657,hyiby
8183579878,xvzpd
8185711604,lrsin
8186140877,gleji
8187428304,ikkte
8189247642,tupjt
8190658467,vnlqw
8193970194,fnyxc
8195254892,ekdjv
8198458721,cpsad
8199638397,yxxio
8199910956,psund
8200407459,yihyc
8202357632,ugidz
8202541272,lduhf
8203204717,skotm
8205595833,bbimz
8210394031,czwyt
8210399136,mbjsp
8214702360,apkig
8214992495,syepd
8216166396,sbwqv
8217874135,ixcsa
8217940968,xufwo
8218480639,khapq
8218614290,umrcv
8219530531,xihbs
8220179742,xjywn
8221105966,axecf
8222713803,wjrih
8222898243,xnxni
8223624773,dcwrc
8224403039,lrteg
8225791584,mysqw
8229166218,ffifx
8230217810,mgvur
8231766573,fbwrc
8233241818,zanzj
8235356704,dpysr
8235675005,dtsjq
8236981887,fctog
8237530410,exjoa
8237881896,mkhrl
8241574310,qwzcz
8241810914,ayphc
8242334911,rtvef
8243376180,deant
8244418688,rjwuv
8245692867,dmhpw
8249591219,wxwgb
8251682180,uxbec
8253240285,ldxyd
8253809057,hxbot
8256339603,bnrzg
8263043378,jlmzc
8265284555,qusid
8266333881,ofpxm
8266769341,opaga
8266798124,vmirz
8269640402,afjwg
8269917208,bgpoq
8274102038,undss
8277397071,zhxoy
8277406753,dwiha
8278298189,ayhmq
8279509551,vrtip
8280526872,vezvm
8284067682,ourct
8286968741,trnen
8291410956,mscgw
8293433939,apptw
8300875443,gesod
8301186987,axqvx
8301436168,wmbko
8305722426,dwdxx
8306415246,mqsqc
8308778422,eosul
8309345240,hysbr
8309439586,ywwum
8310492030,uiayk
8311464136,icfbu
8313184913,zaeyr
8317897345,moqzn
8318428997,aoeuw
8320327475,yaupd
8321233206,tnrda
8323802091,qryda
8330258848,vwrga
8331326716,recfz
8333140248,ypcmj
8334191617,qeitv
8334938305,mnruk
8335503560,dmcpb
8336352557,mexot
8337739607,yvrsq
8338595516,yvzez
8338868448,uevfj
8341304570,dvpvw
8341618178,knodg
8342555779,ybbsw
8344795177,bsyyt
8346887370,dlxhs
8350816221,yhcvs
8351162116,fssfb
8355310512,gncik
8356867160,uhnwv
8360295388,glqzc
8361605117,hjhqw
8364550998,bfjjv
8367098070,fezbr
8369206547,odpiv
8369385851,yqlfg
8369402759,dwhhf
8372453203,uydpt
8372833315,dmtzb
8375933300,fdzzh
8378452319,ielax
8378792081,igdxs
8384158977,poiuo
8389603953,jyyyb
8394713418,ndsrf
8395538220,ptvvw
8396583040,vzjnb
8396598014,krnze
8397298915,hrueh
8398476951,rehio
8401689513,oifia
8402392967,vpnic
8403841648,ozmbr
8406400863,uwyyg
8407059873,xmfqb
8409181192,lbuqz
8409597761,tolch
8411489033,dsams
8411587207,jdhwl
8412257233,wdxma
8415860839,jrbds
8417015972,kixni
8419011706,etoqv
8419475643,chgea
8421244432,zxyjr
8422521118,bbzjl
8426033092,ejbhn
8428025344,wjkrf
8431483824,hzwyq
8431723283,icoku
8432232371,cyilr
8433238257,zfsfp
8434166689,anofs
8434542285,ojqqo
8434885062,dxryw
8437635206,stowr
8439346694,qiprh
8440529636,gglll
8441174114,dhkud
8442998971,kvtgz
8443089439,jtksf
8449511670,jodau
8450269106,lrflh
8455489333,sopxj
8464548729,egwlt
8465301137,dzran
8466595945,eqqnz
8466662563,ibrsu
8466873871,cpqnu
8469145901,wloxs
8470551402,qmrfd
8470748954,ikrkr
8471167641,ghbxu
8476974006,xtori
8477955858,btmhs
8478087490,bpemj
8485863022,gyier
8486340373,xslld
8488482131,yqpjl
8491428621,xbxlh
8496952776,ufwor
8497506797,iiigs
8498697680,nmbzo
8500563774,dgkpi
8501649908,rugvb
8504124800,qxbks
8505856955,ogtcx
8507789219,pqffj
8509495402,joatn
8509642665,qoidy
8510156771,mpfzh
8511120112,gggrz
8512179981,fqrhw
8513585465,jmtvz
8516796728,ikpja
8517491381,rbahm
8517834343,oghmi
8519376694,needv
8521119203,vbqta
8526722396,nwqbk
8528540345,wrmuk
8537715255,eyecy
8540777130,yetlw
8542579852,nhneb
8546158661,cbskt
8546174198,wbirb
8546955584,hhycl
8547048478,gaowm
8549325429,mfaea
8551653393,jtult
8553839208,nfpht
8555502171,unztb
8556093302,evdeu
8558237993,vlvlm
8561010732,cdncp
8562960804,inzdm
8563194256,kxpgs
8567182648,nrgga
8568039362,kogru
8569494582,sxwbk
8572298335,erqvl
8573430293,kkxsw
8577384518,mstot
8579583627,ekpns
8581640191,pxjhu
8582952532,bgdkn
8584159590,yofzb
8585118309,hsbcx
8585421312,gasci
8585679544,jqtzk
8586154936,vxhhe
8587853690,zlfsg
8590087568,osktm
8590209529,gmryv
8590435762,hdkhe
8592849418,rgkun
8594543390,srfui
8595670252,fneej
8596703161,fnjzx
8598536125,ioylf
8598772560,fimsq
8602301300,bgnhl
8603870391,zshwb
8608571779,wxuau
8610814889,rgwye
8611348961,bsxxw
8615933789,griae
8619930682,szmwr
8623979441,qzehe
8626305956,xpitd
8626754715,xwjjf
8630850217,ersfy
8632209106,avurv
8633370648,dwkwm
8633913979,agpbl
8634900520,mamvo
8637576088,hbuyu
8638046674,qdxre
8639598780,piuzm
8640245811,wldbh
8642691591,vsmnu
8644007426,sjxsm
8644512824,hhjbs
8649990387,xlyim
8655318273,ydvjs
8657246067,ipfsv
8657522438,gewxd
8657669240,rsnjf
8657784180,hmqqc
8662471744,dqdwv
8663620736,rluds
8666983316,rasob
8667910885,xoxbi
8671377139,yfzsp
8672248978,rgkoc
8672684631,iftqe
8673495927,rhprf
8673724059,ecixn
8675467196,iyhdp
8677539768,qpbww
8678561698,mnork
8679646877,fraqd
8679737498,tggwh
8682706169,iilkj
8685616967,aerut
8686962973,ydbwl
8687065790,umlif
8693301550,xiiqh
8693471107,citmh
8694227133,vgjlk
8702386571,wtvkh
8704170521,vgqkt
8713602481,rlvdo
8714584868,qhobr
8716811931,jlfcs
8720328616,jimap
8720939759,zeowq
8722196443,ibvwo
8723119165,dhima
8724460199,pkwjk
8725442153,ppben
8726060423,ylurq
8726950916,igyow
8727056713,kvhup
8728711492,pskkt
8729518968,bglbc
8730950331,ormow
8732810366,kiqhj
8732985864,tkxil
8734442233,ognsw
8738356893,otqby
8741554179,mywgj
8741935950,iznav
8744052015,kpmjd
8745683499,pxukv
8746954473,kelss
8749866739,ugoql
8751240004,wlzop
8753328231,tztlx
8753590761,xwpez
8754389625,cqvly
8755676920,mfflw
8759771229,rumym
8760106673,exhmh
8763249375,jantw
8763496889,wuwmo
8764187107,qooav
8767360625,deqlj
8770234123,rllih
8770895571,snrvh
8774304201,wflyw
8774955114,waliw
8777076201,rlxgm
8779909225,ifiem
8780113227,vwfpo
8780187532,axzhg
8781641320,oamwj
8781853278,gbuaj
8783526554,udpvh
8784542963,chmcl
8799068821,vdxxj
8800317375,xbxwk
8800752347,xbpmp
8801271243,ouwwi
8804266199,qdkas
8806886822,dmajo
8808889276,apqgk
8810406421,prupd
8810789364,hlwoe
8811971492,hridb
8812109952,brqwq
8812728508,xolyp
8813394079,gxusf
8819591846,ajrvc
8821633803,urgdr
8822343395,xrpfr
8823269169,xtybq
8824153240,jrftr
8825378685,ckhdb
8825711196,kyhzi
8826031609,edyuk
8829269695,fxkek
8832118324,pooji
8837620613,hmzug
8841678281,shmpw
8842601549,eezzm
8851127725,kngfd
8854410507,njmet
8859618784,ouenk
8861117157,iqzby
8863453702,alkav
8864921735,lgfon
8865802481,fhjnx
8872750002,jaxml
8874650495,wjirx
8874943067,hshpc
8878718602,vitlz
8880382515,kjgxf
8883758198,eedzy
8883972601,yxlaj
8884755873,ceqni
8888307950,xsryq
8892931300,fbjdm
8893259867,cahap
8893527671,lwqxz
8894205906,qhgbq
8898175276,qqozq
8898745364,yeata
8903160345,jjscj
8903369995,wbhul
8904771516,kyvkk
8907453193,fwezn
8909353674,lgwbh
8909560836,kclld
8911380949,hogid
8912575349,pzgje
8913328539,izljj
8914884734,hepaw
8916164589,jpmfk
8919516750,trwuy
8920239465,ilcix
8921943898,wlzeb
8925572017,soqht
8926981874,mgutj
8929614181,vzmzy
8933571476,ozinx
8937471927,uaiwh
8938676409,pnqct
8940821791,wpcco
8943441101,ferit
8945611698,impye
8946086807,rtnco
8947343865,ozqtg
8949883257,netny
8950524832,xrkcd
8952506535,gdstw
8952563325,zvsvh
8953502920,bjgzm
8953538553,eojtc
8954308493,pzpbf
8954762022,dfhxm
8955306464,lxdgl
8960149833,bnwyk
8964772256,vhghh
8966939041,zblhe
8970196013,rsyxr
8980799962,vdeoc
8983158197,hxfot
8983361530,tphny
8984023329,qukgp
8985937087,sskoo
8986686720,vcmsm
8989870385,cvqtg
8989967420,ilzpi
8991793446,gfrrj
8993940125,clpky
8995005093,gtayx
8997516417,dvqqg
9001782869,dogug
9002147730,sajil
9002427714,jsvmp
9002432015,dtixb
9002528029,kdjmb
9002687869,ldgta
9002851394,iwnbd
9007624824,fhkgc
9009255045,dmdbf
9014335640,tynqp
9015677925,lmurp
9017542999,rgkgu
9024014850,ftaia
9027613806,utyvn
9028287706,jfyqp
9028698468,cvlxx
9028822365,cjdzi
9030103167,mknwj
9031948645,euvvi
9032027693,rtqah
9032327415,ifunn
9032638505,kkrsm
9035953827,ebawt
9037844138,nkwcz
9039402304,qpabc
9041188878,swnup
9042130802,xqmlu
9042602207,emnqs
9043439923,paulf
9044886088,zuglj
9047116477,ebxjc
9047296148,isbre
9047609511,ffzif
9050328581,clunq
9050908720,qrmwa
9052558811,uejpg
9056258405,xshyz
9056406354,hisov
9057619935,pgxcz
9059862965,mlekj
9062758676,woeec
9063646263,bncpx
9068981017,xkyvs
9069137794,opgwj
9069223480,ebpef
9069665434,qohnx
9072329354,zaeni
9073162844,zqwpv
9080792463,kzzxl
9084068870,rednp
9085290810,yyicq
9090709373,qpmle
9094811820,rnwrs
9095924764,wfpai
9101515079,uriic
9106298999,dghne
9117059388,zsrpa
9120066230,mjthn
9120177753,lymly
9120329004,sybob
9120986068,rktxf
9122192156,hykhr
9123187890,uapwe
9124585227,oviob
9126145765,oryig
9128525046,gdvgi
9132539726,djjic
9134639935,fzxbx
9135432901,kuozn
9136774081,ysyoi
9141091737,ozvyv
9142433737,npqru
9147322516,uwotp
9147336044,vbgpi
9154172197,itlxo
9155513926,ojkio
9159892649,utklf
9160463696,suiby
9163005498,gpboj
9163069858,twxfv
9163578966,jxdts
9166273073,betsx
9167212018,izgyi
9168323495,xhoxl
9169097883,zqzin
9170050300,hvexz
9171011111,orhxm
9174378843,ppppc
9174773750,ulcot
9174990709,deerk
9179807792,kfzvp
9180001420,qgkwp
9182546755,tdwxn
9184341841,jtnti
9185000306,hlesu
9186454607,fxxlp
9186556480,ahsgd
9188894028,bddse
9191340779,edyxa
9192201605,zpngw
9192705549,iblaz
9193431684,mukix
9195646427,vjekg
9197117742,tkbox
9198061350,klvsd
9200694207,gjjnw
9200745830,bnvjh
9202252608,xjomi
9204200308,xffpw
9204237791,udqkl
9209115993,brxgz
9210311563,ounsg
9210815110,kmvgg
9210820113,oqzqa
9211368889,inxxd
9215648026,sjhnz
9219119691,touow
9221441537,ejged
9227108492,qgusn
9227529929,dekhm
9227791439,bgwqq
9228928401,gkflf
9229710994,nowwu
9234225932,bhzub
9236051441,iqvyz
9238601547,ghfhv
9239726318,himnj
9240131996,bzknz
9250525401,ddgmy
9254550880,xjozz
9254902896,hnhst
9259325137,vbgiv
9259818606,kqztd
9263307419,epnfd
9264267811,pedxc
9264340550,rrbqf
9264472547,ykvyj
9266208093,rpypa
9268941250,gjged
9271752176,lxnmd
9272687126,ntmez
9273350818,poqpl
9276408627,fjruq
9278049040,qotrn
9279151751,huecf
9280646247,qdfzc
9281041893,labik
9281389906,rdafo
9287410436,jbvuw
9289732950,suvwx
9290861054,phpxc
9291969315,ihuhh
9292397392,nuncm
9294364324,hkgxb
9297310574,gmzhh
9303994810,pekwh
9304694248,dtefy
9305283217,yupbb
9306207664,xgflp
9313748939,iyizr
9315974917,wcohz
9319027330,upgtf
9319236813,edkcl
9320977603,vsvtg
9321200425,cszxs
9322797567,fvbmr
9328894213,hopyc
9329614439,rirzz
9330903806,xsfki
9336017186,mwvkn
9336408914,jxakj
9337622637,xtuia
9342766768,ggbow
9343329294,ttddh
9344334343,oljpo
9346833842,ahisw
9348997211,vsyjw
9349841197,ldmhs
9350593851,yoezr
9350668460,meqsk
9352477268,vyrqw
9355693361,qnqxc
9357777497,rcwab
9358547540,eofqo
9360068689,vxdmv
9361169413,pzcgc
9361812203,voncn
9362178520,ulnps
9365171814,ubliv
9370751083,mgznk
9382419378,dgnhj
9385057778,jnemd
9386288644,uhkqd
9388914310,nchsi
9388981992,lpxld
9389564834,tlnxe
9398981096,bvhwj
9402966962,lmneo
9404767170,eosul
9406573386,tynyl
9411600961,molyz
9412500202,jqxya
9414064946,vrpaj
9414199305,aphjw
9415283775,nkghb
9415815488,adfpd
9418745584,tbnvw
9423320755,uttwf
9424582983,cplav
9428082242,dxujb
9430351378,yrtar
9430648643,eihry
9435333233,fqgnf
9435348061,mxooz
9435750540,nnaoj
9435775151,qzdqe
9438821081,znlvr
9441054314,sntiz
9441190982,wutee
9443595041,wbefh
9443950214,iippb
9444140113,ajrpo
9445753063,trskw
9445756741,bujzy
9447495067,lvonh
9450411854,dilrc
9451277060,qkalm
9451871127,ehiwe
9453576654,elmln
9459190034,fqjgc
9459736425,mbxvm
9459816021,rmuym
9461846942,obevl
9462822571,ncsnn
9464675387,agbve
9466236117,yzyib
9468283359,elwqa
9472227954,hsyhm
9472330041,ejqry
9473374533,lsqth
9476298945,uaegy
9477594826,pwqbn
9478252201,oghqy
9479070419,bhfcg
9479223783,myidx
9481990370,meitm
9483864788,xhyvj
9484051306,uexob
9484777561,vimvy
9490496525,xxmck
9490509564,vogkv
9491126808,ezrfp
9492024789,rtmwa
9492259215,nbooq
9492856753,rcona
9492887647,ylyob
9496152081,hjsvj
9498433985,yprxy
9498871504,dstnu
9498980351,naqej
9503408474,snblb
9503881110,saspd
9505595029,wgqsi
9506707159,rtsdo
9509517577,kbxqp
9509581737,cjndu
9515786100,stqds
9517059875,ezrmc
9517633926,gpxcj
9518972037,nhvyt
9522622262,trtci
9523497057,mxmns
9524208585,igumg
9524726620,dqcly
9526776553,sxgcv
9527555077,vfzso
9532515558,fytng
9532572440,cvudi
9533992165,dtjso
9535489013,bcjry
9536699521,snzof
9539822364,ylkec
9540763734,sabxi
9546510065,uimkz
9551910185,sipol
9553011141,vapuk
9555371206,sacay
9555635337,bprts
9557106791,btgeh
9558710686,owpxf
9561352852,tkqxd
9564736851,mzyqm
9568116973,zflmp
9573211990,ywftx
9574304967,plsya
9575263315,ebmhp
9575737228,znmnh
9576500174,tdmzc
9576950369,damqd
9577653196,iznmd
9577944519,vslbn
9577995812,nmypy
9578529657,rxyoo
9581944396,atzdi
9582902750,gotpo
9586257906,vphab
9586640382,uttnz
9586671071,nnfjg
9588129209,pxusf
9589779355,bppmb
9590364644,jdnnn
9591686562,xecac
9595222264,fbptv
9596756211,gngjk
9597917452,gmfyg
9600944570,axgwe
9603042650,wahsh
9603089079,yatfh
9603218360,jtdod
9604462016,lgoli
9608030766,wsnrd
9609946929,tmjah
9610203306,gnhxy
9611221951,rcztp
9611379049,gdjvh
9613465899,kotno
9614221368,riega
9614319417,ewnvg
9614491245,nsszz
9615419652,uugaz
9616552118,odmka
9616710459,ajvgs
9620789237,eierv
9621267246,bxirn
9623286034,unsnl
9624218867,glukw
9625509617,lezwc
9625666086,majov
9626927023,iifwi
9630911628,dbwln
9633789698,qgpnr
9635960357,esfht
9638249428,ddsrc
9639318935,azvqi
9640132408,jdfxf
9640841981,dngez
9641396492,ljuha
9642823411,hwsij
9642921467,phphv
9644716979,mcpxg
9645014100,xtxay
9645565271,nbflg
9645983048,dxqty
9646442035,rnmlg
9647640481,bqdhf
9650752531,jkfpi
9650890615,edisx
9652128844,wqhsp
9652326880,zvhfj
9659939212,tfqhr
9662125361,wqmzi
9663430703,blibw
9665815489,lurbb
9667445810,ccdql
9669229742,bjgej
9670109347,krwhn
9673079576,jijbg
9674169530,kpewa
9675586150,vyvia
9676055474,vddaj
9676589875,fjkhz
9676841282,kkstc
9677536971,uvhgw
9677822178,dwgpu
9678899482,bjbkm
9683571053,htfcr
9684426247,qcqzg
9689323114,tqlmo
9690643166,oxtjx
9691115233,qhrmd
9692031299,vglqk
9694793821,aerod
9694952296,chbss
9698579250,ktzfx
9699492348,wocih
9702697080,ulxaf
9704162444,iezer
9708214970,tniac
9712259895,ldbbf
9712847939,bfuer
9717640877,fhkpe
9717778322,ijnvs
9724376937,vjtfb
9730755367,sspii
9733196489,dchqo
9735436542,mymfa
9741163458,wvygr
9743375265,xlgks
9745664241,eradt
9745882859,tpevg
9746695683,ngrne
9750200202,rgdeu
9751081732,tgwlk
9751485042,iwhdy
9751583968,ikoct
9751917557,wvkuw
9754628158,ttdba
9757938933,wlvba
9758707684,fepsv
9759603027,lyibr
9762023150,asvql
9764308670,zayas
9764716472,kfgof
9765209093,naahr
9767250639,lkwhe
9767892159,cqnzp
9768478468,ojmav
9770893594,lzypo
9778235984,rvmfh
9779594788,rkpgd
9781208035,qgymv
9781972736,jmrst
9783961587,dhanr
9786078688,kbwgy
9789359304,zwvfu
9790883518,opmtr
9794985481,ascnb
9800382130,cwdlk
9800986301,dgjid
9801964075,svfgu
9803039973,frtrc
9805875778,wkfvp
9806703769,qlbnf
9806915023,oqprs
9808407765,qhigh
9809435362,hervu
9810143811,tvrxq
9810682589,akifw
9810874823,ducbl
9812814503,jhttw
9816416838,wzwry
9818657954,mpyba
9819838519,ickpu
9820725001,drcdo
9822983128,fjcxx
9824429896,ouare
9824575343,lxbdt
9825258121,wyfjk
9825444990,avwap
9827427767,fzmpu
9830190732,fkuzn
9831869455,jekya
9831928091,didqp
9832545712,cezoq
9832617579,xvxxp
9834478614,behra
9834927792,emryr
9841601810,hazti
9843613010,wjlym
9844044375,tckpa
9845587254,wyrut
9845759890,affnf
9846249950,iogzt
9846316569,sygaa
9851471995,ikvsh
9851993821,ojnhu
9853923435,hrwrm
9854335878,maieh
9857570500,wtclr
9861722314,trtjm
9865088281,wkgzt
9868327544,hujfq
9871031741,qhjho
9871101980,ibptd
9871253642,scqdp
9873668306,wwwhc
9877491618,fmtok
9878000865,sgedf
9880615405,ogkik
9880970439,okqrg
9887121969,mtgyb
9887899780,cvnou
9889829137,pyvvm
9897735453,jtojb
9897963445,niclf
9900838397,acahl
9906248546,jzfqb
9908694285,hbozx
9908850577,emqkj
9914177555,rhhwy
9915121276,aecwo
9915499248,qdykh
9918733098,fvpjt
9926270494,lwkwk
9926676551,amgqh
9929633967,sunoq
9930151460,oxesm
9930772495,yontl
9931616457,upjol
9931814195,bwpnh
9935244711,mxqev
9941182043,njlwp
9942907083,rausu
9943166832,zmgso
9943453319,wnrnd
9944019377,cahry
9945774641,hrpxi
9946402446,zkyxw
9949026791,rrlme
9950631601,eozdm
9952630658,spija
9957159251,owkwj
9958636430,mkvcq
9959157215,avqqy
9962558788,vlywj
9964291589,zcpth
9965017674,ooxsz
9966685205,rbhvk
9967637934,gonla
9968564941,iopto
9972724282,oclyj
9973851230,vsorj
9976807512,mjfiq
9978001885,ityje
9982352127,trirk
9982677412,bugon
9986457627,yfaoz
9986792343,berpc
9990714389,fszpa
9991987106,eahwb
9994246346,fnnnj
9997972100,nqkcq
9998086685,aherc
9998112904,buzsy
