5068696322,ewtaq
3211716550,wwsba
7086447365,wrgjv
9915499248,qdykh
3678972520,mhauk
5109109628,knrre
4637847463,imkwh
8301436168,wmbko
2124810203,xtgyq
1388714634,opssj
2952628697,ooqef
9430648643,eihry
2514919666,ktsrn
1630165393,fphjg
8256339603,bnrzg
4579498372,kxuji
5820211825,pdaxr
5183324103,fqkik
9404767170,eosul
8465301137,dzran
8096111458,jlihc
7348129534,krlma
4739206728,jnewk
7928137827,ifkum
1223235255,nlrmt
5316569308,kaire
6927044466,kwion
3971603496,iffyz
9350593851,yoezr
9163578966,jxdts
3139439083,depoq
7508241864,igkak
3363993753,tcjql
8096046833,nzikj
8596703161,fnjzx
5167797380,jhipq
7038380637,bvgjq
8225791584,mysqw
2208958959,fapet
4578067159,sfmyt
5410247168,rmpri
9002528029,kdjmb
2489072362,qlslg
8455489333,sopxj
3805498462,vubyk
7195586954,plnae
4287847812,rphnu
7333419922,drfgw
1520549643,gobak
2555063529,pbldw
6749605688,zlvjc
3389554698,xekzz
8437635206,stowr
1128459865,kunuz
9871253642,scqdp
8859618784,ouenk
2394317175,wpuuo
6651784875,jzgwq
1975085196,zanbr
9080792463,kzzxl
5888526653,aqgcz
7271197823,odjsv
7457348154,glyvp
4980545540,flgdv
7691473709,dlvqh
1598218754,uasdn
3308155882,pkozd
5238224316,pftbr
9873668306,wwwhc
2485019125,doiib
6105265071,vatrj
4600511750,vokzb
5245164317,wilgv
4639959538,hspcv
1359319357,bueuo
1656680951,gjlrr
9147322516,uwotp
4099424586,hglau
1678258074,uupjj
6921585765,cyymq
7300090199,zqqpu
9591686562,xecac
1652939318,kmtct
5197786699,wofnp
1989827683,mxxpo
7175906977,kntgz
5352004611,thsly
3952972759,hzzhu
7071487851,rdyue
2284237847,kvqjr
7034961755,isqpg
9459736425,mbxvm
3069160698,cmbrl
4068808721,iqimo
9997972100,nqkcq
3082403840,xcwsa
3364125915,ybxbs
5913658531,qyzpa
8682706169,iilkj
6213175989,afzty
9806915023,oqprs
6720685340,qfnja
1392374223,mprya
2080630075,zjwfa
3784695035,ihtfz
5508092540,hvalo
4747562666,qpmtr
5232021331,mhhrn
4521850902,eucow
3438269259,xmoas
4176917634,nsepx
6589254650,kugfn
2202586506,bsrua
6277023496,kheli
9652128844,wqhsp
9768478468,ojmav
7026231943,ppmsi
5713656795,umnkd
3121552448,hsluo
9982352127,trirk
4636137601,ldvnh
5615961811,rwzhe
1345517407,yhxtr
1257566521,sdhyn
8045124931,xrmpt
2939958072,zzlyv
2859504858,ioole
7870967634,qbipo
8216166396,sbwqv
9832545712,cezoq
3262871691,mikoh
8954308493,pzpbf
5285401952,ecxkg
9611379049,gdjvh
3821249037,nubtg
2546210953,bqknt
4368043661,vvcxl
4713846355,jcdgy
4435789702,efwif
7581206304,hjbpb
3248736645,pvizp
7868023152,kekhs
7269398969,gwnxg
7309661252,bmoqt
7932826073,lravw
6813752232,iqcrx
8023043572,nnomg
1256818923,imfbv
5167807758,idniv
5018784862,empog
9745664241,eradt
5311964447,sdpgb
6403741258,fzsla
4133877415,ehkkz
3870816573,qbvtf
6012382831,rvpwn
4332368248,holsj
2354819254,hzsmm
6330449267,ebemn
2297921880,uyusi
8567182648,nrgga
8812728508,xolyp
4095233063,oxoqs
5200572948,wyqlj
9573211990,ywftx
6133815868,ruqnm
9943453319,wnrnd
3242233720,jvkbv
4165716666,icdeo
6841026332,lihzz
3078058809,wearx
5664151066,azhby
4005491533,ukbwy
8193970194,fnyxc
4734689312,fenep
9831928091,didqp
5139970559,chyml
5272922288,lchps
3699090770,wkasm
4783822212,twmfq
5170162166,jfgky
4540960741,luuce
1244886538,ywkqj
1929420941,yypcm
1573665324,mgzkl
5812188874,uaqpw
7454509322,pnpqe
1862540981,mpuqs
9522622262,trtci
3922240876,dqaoh
5282810476,tybdg
4202583327,rjqkn
7357501655,jbpjv
1548183159,uiyqf
6784891759,jhflu
5638872853,eztyv
1683196019,njsps
2848312125,fvxvs
6005531181,chftr
6804560789,fovue
4473505735,heqjd
4152712550,qzsbr
8137548387,mzszb
4206146118,nthwe
9751485042,iwhdy
9120066230,mjthn
8563194256,kxpgs
6101535766,vlfre
5882259137,uszyx
6778493393,yiekt
3490320606,tmpzz
3835012464,xznmn
9555371206,sacay
6035040692,agcpu
1806178773,jagkm
2313915335,wqqxd
8132176527,axswc
5221548700,vhtmb
1935289717,krdpa
8678561698,mnork
9259325137,vbgiv
4221905383,zursm
8428025344,wjkrf
1204361276,gbcje
9540763734,sabxi
9492887647,ylyob
6951801689,ycfbc
2509085322,pneot
7608579154,dyfuk
2692958797,perrj
6891028533,xbfct
9642823411,hwsij
4570786620,atjwp
4106834662,knysz
8251682180,uxbec
6649679537,smowo
1131813096,mrscn
9576500174,tdmzc
4498500259,efutd
1811081163,vlbaj
6400373003,uzagy
1012576763,fqyta
1690087320,viqzo
3992462801,mkiqy
7646932044,fuxjo
9210815110,kmvgg
6134943294,ezdiq
9428082242,dxujb
3360278736,vzdny
2862127000,hzszd
2362599375,hzitx
9844044375,tckpa
4373290693,mxzel
8025466195,edjcy
6377752454,qtrja
6299115719,jzbmv
8243376180,deant
6435134079,yifos
4310298875,nltms
8639598780,piuzm
7726086218,vdltc
5518485330,yooax
4971669801,fxrfh
9035953827,ebawt
4852626534,tuoae
2139970771,dhely
7590101456,cokun
2553596437,xvvpd
8076437500,qkbur
5405506538,fegyg
6130956629,ertus
6700748602,qekab
4805674658,emiqp
9968564941,iopto
4200064534,ejxpa
2736443508,lfsia
6983673800,xgkax
2082629834,rbenr
1677157551,mpeqz
4322050522,wdjbm
9180001420,qgkwp
1807851839,wbrky
6503416843,ikogy
5485953958,vqrwa
7789417595,bluko
9767250639,lkwhe
5992268698,zdqrb
6806312076,kdiyp
8810789364,hlwoe
2736179324,jogsi
8309345240,hysbr
3553010655,rlpeo
9132539726,djjic
6363370173,gjezh
1364801611,ndaiq
7344204885,qymlt
7884719079,geyjm
6367430950,coizo
1639414300,nbbnp
5427051305,elynz
6549701605,zdlva
8730950331,ormow
9546510065,uimkz
1610810581,hzggs
1172698044,dypcl
3730378139,viauw
7383808989,lsqci
3598223775,ktstl
6287735903,kmwor
8804266199,qdkas
3636364494,uizde
1486470133,cqtee
7205531546,esobu
4783801424,rwlzr
6294201977,lygda
9966685205,rbhvk
8047172683,xprmj
9675586150,vyvia
2830240422,cslfl
4306790785,qdzbr
1171829713,vvmqv
1871026481,ritxf
5199143064,dnqnk
8230217810,mgvur
1450175406,ikzrr
6058062867,aubvj
5800727087,socvs
7745935483,ssnuy
4517354730,aksdr
2926735516,tnikb
3762772404,psagh
2468725380,nqatj
4906968740,lzzey
4551032512,otasx
4815002420,zhwff
3261067799,qaalp
7053500472,puqxv
5143073745,bzxqf
1341614082,luwhg
4987865032,wlnsr
3814983761,nffdi
1323887057,nwimt
3524248766,wscxl
9818657954,mpyba
5787971866,adfhk
7428330071,ipplp
4930802583,bziqd
5596840713,cltve
2358785699,edxgx
9464675387,agbve
7419381558,vqlot
8946086807,rtnco
6693679388,pbkpi
5424984468,pgcjo
1142303065,fvpul
5863580274,qltyb
3134598046,tivpj
9986792343,berpc
3497516474,tvoft
4201467700,dxujz
1217669571,qdpzi
9234225932,bhzub
7074614789,nyfkr
9182546755,tdwxn
7240131861,fclmi
8274102038,undss
4915063761,mcqpr
1129854207,eiawf
3704277727,cfsql
4805541514,kbrmc
5212023097,foapq
1218628852,lvlgo
8874943067,hshpc
4930096799,sshdi
3602681435,sjeni
4113678030,padnd
1531900338,yktvr
2552957662,rctyp
4984314772,dzesi
6728985717,lugek
6793052455,vmlxv
1684974146,vwayo
6446598886,diytc
3505520750,vskuk
9193431684,mukix
8677539768,qpbww
4125913549,jpzxt
2941493276,hnvkj
5849193890,jlxqb
7043918857,ycnmj
7227285869,khhus
2142253867,mqdox
2545197442,ytyre
5296804776,emsnv
6653008077,vfebt
8241574310,qwzcz
9461846942,obevl
3166437602,bjblh
8112248803,nytbx
7638931060,vynvx
5178058714,uyozw
5851199242,jtbud
9830190732,fkuzn
4010270844,lbdie
6564052292,ufdqz
5041220174,uqpaf
9350668460,meqsk
9227108492,qgusn
1162965257,cjizs
5032580559,jnner
2483933824,zqmiy
6332830038,fxcba
8704170521,vgqkt
4731130967,wyjnm
8713602481,rlvdo
8222713803,wjrih
3506755715,yokch
7611751341,qyumn
3416574631,yugte
5303287142,enqnp
3927233245,fvaqv
2687352321,efrhp
6420358807,htsau
2408742794,irxod
8874650495,wjirx
5703699351,vmepm
1842976261,adrxm
8318428997,aoeuw
3857478107,hzoca
8898745364,yeata
1943006490,xaevw
7609823214,mhbiu
6624715327,zknua
9764716472,kfgof
7421071660,cjuxx
1026097927,wsdnl
3322824719,eixex
8806886822,dmajo
7094189873,onbff
4316234262,fiykf
2627904330,yjlif
4257486600,xsjun
3585377261,oayqj
2466951691,jozvv
8679737498,tggwh
3229986721,csafr
7382319964,qysgn
3070564034,wbndf
3587104664,grtpc
7081086419,ndzkt
4223825538,tjkab
7479275555,xttza
4139036175,guzyb
3258577709,unkgm
5729196549,depli
1005959957,crnnl
5399593250,jpkuu
9319236813,edkcl
8911380949,hogid
8341618178,knodg
7769414297,ofofz
8146828865,ekgtk
3814198070,lhobz
7759015693,byuzb
4566225546,jfjxx
1338488372,ysngg
4461146494,hrnid
1697968230,jfyfw
6780215231,zogft
1861662409,dpqjx
5672197848,kabzd
9758707684,fepsv
5867292422,xbsey
1630959309,yxrgf
4136468082,wphir
3434358028,hivse
6393585025,entqd
6306575063,xkvsf
6308321363,wpplf
9352477268,vyrqw
5109279062,qhjxt
5472518776,ayyww
4009402440,eiezb
1019047421,lmymo
4857623988,fwhrg
7429250266,jtvus
4973028893,smcbr
9991987106,eahwb
1685644597,eppai
3006921088,tucih
2756143997,lfpml
4711159577,wamgv
9931616457,upjol
4280871197,ebrnm
9871101980,ibptd
6545909104,gcuns
1872458651,rvebc
6791709599,xfcez
3288184282,zzteb
3063894078,yicuk
3627414683,rdkdb
2514982532,rwzei
9346833842,ahisw
6242851759,ejgwv
4147882232,lonfh
6614281149,djfar
7454950478,fwfxn
9303994810,pekwh
8346887370,dlxhs
3354114224,qlymm
1138112228,sncga
9647640481,bqdhf
4187824844,phcks
4776606939,rxvil
5178566983,kdtns
9825258121,wyfjk
1151485623,rzfal
4715359343,qqycb
9343329294,ttddh
3161631831,rajxp
2110901077,sstba
8426033092,ejbhn
2268452295,tavad
2203596704,jaogk
3433738755,fnamp
2584013966,kogax
9209115993,brxgz
6758642616,kjpdn
6335109130,gaydn
7801336239,mcqyi
8842601549,eezzm
3498797140,nfzbz
2047785590,gzqib
3159224949,uphwq
9059862965,mlekj
5304110554,uafgr
9603218360,jtdod
8372833315,dmtzb
3895131196,qhovg
5958440276,hertd
5422066161,gjjvo
9751583968,ikoct
6846146804,bwhcx
4846930061,zdjsk
1611718120,ozdwi
9062758676,woeec
2252073209,xqtfm
6522051594,pgqxy
4931442334,imhoo
3209673078,mksex
2037108361,qvpcv
6404535439,laxun
4288686032,iptxy
3138127490,izral
9002687869,ldgta
3127234551,iyltq
2418986322,ugcio
5000878712,ejunu
6284943019,fawsx
4262787227,rtrab
3553237993,hnfll
8619930682,szmwr
4705505077,cisaa
7473348534,pkrxx
3113773123,dshwx
7102876646,xunas
8829269695,fxkek
6658088768,yrdca
9503881110,saspd
4042109096,utcmz
9914177555,rhhwy
7270204413,pcbyc
7917879011,wwhns
3125523881,covwc
8640245811,wldbh
2114100031,rnzsc
4805326753,arwoa
9430351378,yrtar
5671028749,iklvd
3250751034,sahja
4493650614,tlnln
1265026707,vesze
8500563774,dgkpi
5310562617,lvslz
8409597761,tolch
8217874135,ixcsa
1235183601,ukddf
5295711793,gbnwt
6146873909,rjujf
8779909225,ifiem
5692397157,uuamx
1568634807,cacip
4792415357,qdhog
1694769737,eemfw
3390878660,pqsga
3217380294,dtory
5282312778,jvjfd
1250754527,fpqpq
5674438369,ykpgt
6378029149,osbtc
6754966751,unwmb
4178754850,ufptu
5486745383,rpfww
8141036767,yqgyn
8921943898,wlzeb
7573974961,kvuyz
9186454607,fxxlp
8406400863,uwyyg
3784165222,vmulj
9929633967,sunoq
8076751959,cdmvu
5270786805,xwaly
1758613678,rbvns
2436421241,mkemw
9227529929,dekhm
5944481114,qfwva
1888337298,iuedl
1487636540,qtwur
5138230405,vboqs
6816472484,frgtq
8210394031,czwyt
4131953208,wxsmw
4600717191,czddk
8202541272,lduhf
3336640600,gmksk
7599927808,rxssi
5878603798,dcoxs
6962756292,ultel
5566735186,desih
7081785815,eqihn
6991102095,wnqmp
7802204380,oxied
4821794240,snltx
9094811820,rnwrs
9824429896,ouare
2155322161,ctcbd
7552244446,bkjhg
7563082575,mkrgn
9398981096,bvhwj
5388435419,tlyjz
9517059875,ezrmc
7012508489,rmuxn
4070751178,hxrul
1012723150,rpawn
4834985215,btfkx
1464368428,xpqxe
8057731141,qnfpo
3391508444,cvecg
6696799066,vjfrr
2700632557,emhde
2911720632,igfxz
9185000306,hlesu
4257579768,wbnsb
1583715151,tusdr
2504093898,yxhwf
7539122299,abiat
6788618935,gylxg
2422045718,bgqol
8883758198,eedzy
5096431149,uqbqr
6796743864,hdvmi
8323802091,qryda
2023930128,yftgl
9708214970,tniac
4163470989,aoyar
2053059767,ziacc
9822983128,fjcxx
5465081831,fkkze
9581944396,atzdi
7231422765,ijnsg
5765614859,nflxv
8637576088,hbuyu
5120423887,ybdgx
8162807944,ryhur
9816416838,wzwry
3237251012,hfyxa
6406187532,kvmww
4005969412,szizy
9577944519,vslbn
3382372189,xmiau
3398220457,yhfae
1533567001,hgymk
9662125361,wqmzi
7048138946,mxnqh
1472165570,gpqmz
3188944588,bixyo
8573430293,kkxsw
2591443662,szpeo
7986924880,upifj
6770497976,bbmjp
8993940125,clpky
9492024789,rtmwa
9926270494,lwkwk
7782360633,garxd
7392961578,himbh
7915722527,uwyoa
7470112503,obpnh
7736474366,vdewy
8014228078,jchlp
2651916954,qtzsz
4974532193,gzbai
8903160345,jjscj
6551399342,loufe
1925024745,gbqse
1440340324,klxpb
8478087490,bpemj
4799905092,bfxoy
7996498006,ujvpq
2276068913,kkprp
3097926723,nkimo
3665665993,icujf
6466874172,emhcq
2457584072,welam
3176968145,ooqhc
3199081272,keqov
9263307419,epnfd
1039857506,cublv
1993000692,yzhgl
8865802481,fhjnx
1602234546,crhho
7875604342,pxylj
1341496504,pbhly
5919590614,dtxse
8356867160,uhnwv
3031289339,kvhcu
8825378685,ckhdb
6661172280,bcnkz
3593486381,ziath
4417609528,hqupy
1581775949,xjljh
7281239129,ygscz
5376490314,ttjaz
5937354272,kbnnb
2336597180,xwbgg
6064414795,qsxjz
3088099067,fhzac
3775435989,jfjna
4337567864,wvawb
5119962031,vbxsu
9305283217,yupbb
5537642347,avykq
6955512527,izzcv
5900790827,mzhgm
2977662109,waalx
3698259474,wrlut
2292468567,hwvuu
2991385771,nvnvz
8003700305,qfmzm
2540223921,uloiu
5431549119,lctqc
2732353629,xoiub
2959862051,yxmey
7318091402,knpnh
2311281241,zshsc
8138764922,zdcrq
3096506380,alroi
2602563460,zkzmz
4995387223,yapzp
1238848482,vajyh
7433712371,zslwq
1037163062,ngwic
6978951557,ohuyn
5770104306,drftj
2024440942,etkle
8864921735,lgfon
3357963445,zkzul
4869641740,jmerq
7350432709,zmlgs
3365922827,zcpog
2406958569,fizqi
3912575651,sobyg
5133935364,ykapp
4077343965,ybmdb
5328523177,azwey
4586091391,wqfut
5703172921,kdkqy
7637119019,dvzge
6517195571,twwyz
9523497057,mxmns
9604462016,lgoli
8337739607,yvrsq
5134509492,xxrhv
3140548449,zlybg
2490287409,srljz
4071502119,erclf
6866094494,zoasa
5032718008,ziujm
5308702455,mchyq
1070992260,wfplc
6359905119,hnyok
2383634816,erawo
6552193331,yevgk
3472815663,jntkf
6856444025,jxfbi
6651965979,cpfue
8724460199,pkwjk
5626070989,mniyg
1609907332,pnqkb
6014954502,pcvjy
2155068239,mhmra
9990714389,fszpa
7962190258,ystji
2168949196,gjaxp
6778939052,kdveh
8907453193,fwezn
4858697997,yrwet
6348756682,ttuxe
6768265504,lmzey
2697695377,ukake
1040506178,avwnh
6885139336,uvrxy
6141891355,ztpvv
4394693057,wknnw
6972703801,qinou
2376788082,zjtmk
1984041553,wkyxl
4969995054,gxmrm
9106298999,dghne
4317978047,epoyb
8825711196,kyhzi
6698110303,bmwxs
6310628715,eivfh
8726060423,ylurq
1001689674,wuwug
6416553402,odzpo
2798687534,iygfn
1298990639,khwzo
6263395407,eeytu
1536693569,cuptp
6811220844,vuqah
3647159484,tutnq
5122506143,yqxev
2206902787,jjogn
6190358671,vhokz
4249579423,dgrbn
3199684877,qkfim
1609690145,gjotb
5386151721,mllib
9943166832,zmgso
4379378680,exwbl
5390196607,vjynl
7207596308,gorgn
3633542354,wiszl
7517584408,qgwia
7881813600,ogczz
3998665659,nhrnj
4833560783,djxjb
1748330333,xwgcz
6152884734,merig
5426812481,jkvde
1915809872,kgcsr
8477955858,btmhs
6701911579,wcpfj
7464622784,vohsg
2463041365,vnxku
6007303739,ijkzm
8054588906,ekndd
4917382382,izzzo
6750381084,qvvaw
3897900881,zzecf
1353225100,zdtap
6855609980,cdfti
2449346294,fctdf
8485863022,gyier
7599443283,mdhfz
9610203306,gnhxy
7190936341,dvmjk
9575737228,znmnh
8038762699,xcxsi
8024132739,axtra
1697822115,wprbp
3469285482,tnjxa
4763811889,elgyv
1830008648,mcnpo
6660159229,rtoso
7750627055,pxluo
1805784921,xmpjy
2562859794,bogtf
6850666451,pebjo
2737817304,tzrtq
6787594719,wwyfv
9211368889,inxxd
4802119285,lhruy
5771028663,gmvcq
1169085130,vxjbu
6378995682,rzcuf
9498433985,yprxy
1275238755,inxxv
7158070851,xtxxk
5239581789,sqnuz
5132419476,sqdhm
8694227133,vgjlk
3518713426,qtuxd
4232950574,qzyjb
1896778966,wbppo
4298408980,peetc
5872663685,misth
5131824126,krwhx
4393685220,tritq
7070762593,exdbr
4868912795,nowmj
6696723685,mkcjp
5691368976,amlbd
2172576430,endbj
7792129125,phywx
7419500045,pzazi
9072329354,zaeni
7619361162,ehxpq
2187957767,aelfv
4684689094,mgeqz
6674818606,rzsbm
4932535403,tdcog
1702849196,rowck
4310289756,nneus
4558160821,eailh
8164262400,yvzkx
3737810337,awztc
6688380208,qacja
7797346783,foidv
6256980821,yabvr
1359341374,hhnjt
2396137714,jzmmv
6527010904,crwsh
7996495014,tclnq
7818174232,bvaih
1993922777,dznps
2247357509,kvadb
8749866739,ugoql
9659939212,tfqhr
9690643166,oxtjx
7141512705,blbxr
8823269169,xtybq
5440098838,pxsrv
1484530148,rjzpe
6191178269,oblld
5879125273,fmtea
2309496103,eprdf
2841583879,frpbh
7751970281,urzfi
7752331478,zdqkq
1549846572,nwcox
6117934123,ophcu
9691115233,qhrmd
6634508899,lacrp
6874654958,mtboo
4491237658,bfrpl
9496152081,hjsvj
6731763755,cxuom
8702386571,wtvkh
7680080026,hkogv
5341074785,utois
2778242696,kknvn
5377469156,gdsfo
2510800003,kdcjd
6951442916,ddmob
5407458870,bwfdh
5501919489,idkvf
3927793128,phvmx
2244749393,cdyzq
3448681023,mrepf
3882707818,mvdfo
1048484802,lpkrb
5915474083,rpnjx
2166844444,wnzmk
6800731393,prsqz
4104894079,eltwx
1129764767,pyoxc
1058939542,magey
7900608371,zsaqm
5997217608,fwdmz
3991066401,esgrc
7332218251,bblpf
4839496723,wdxeq
6341383643,zydjg
5168433607,ygqnu
9002432015,dtixb
9304694248,dtefy
2362943163,ldlnc
9037844138,nkwcz
9418745584,tbnvw
6100425722,wrduu
3832215059,idhiq
1179112409,ftubk
1295225531,empkc
8562960804,inzdm
9388981992,lpxld
2459779832,rlwcr
6920425390,rqdgx
1876261382,areif
4192965088,fpnsn
6402746070,qmwea
1916358869,vtlbx
1528354200,ibpcc
9626927023,iifwi
2194607718,qyusn
8615933789,griae
6471856001,xljcj
6309512538,ysgzk
5233032680,hrefa
9174990709,deerk
